idx,attachment,detail,canonical_detail,member,question_index,type,competency,ncsClCd,question_source,model_question_raw,model_followups_raw,model_evaluation_points_raw,model_question_preserved,model_replacement_reasons,question,follow_ups,evaluation_points,ksa_refs,ksa_evidence_count,score,ready,issues
303039,303039_1_직무기술서.zip,스포츠시설운영관리,스포츠시설운영관리,1. [강원랜드] 직무설명서_워터월드 수상안전.pdf; 11. [강원랜드] 직무설명서_체육시설관리(복지관 운영보조).pdf; 2. [강원랜드] 직무설명서_레저운영.pdf,1,경험면접,스포츠시설 경영기획,1204020201_22v3,template_fallback,,,,False,no_model_question,"스포츠시설운영관리 세분류의 스포츠시설 경영기획 수행 과정에서 '경영 전략 및 경영방침'을 적용해 문제를 해결하거나 성과를 낸 경험을 말씀해 주세요. 당시 상황과 과제, 본인 역할, 선택한 행동, 결과 지표와 학습을 포함해 설명해 주세요.",당시 상황과 본인이 맡은 역할을 구체적으로 설명해 주세요. | '경영 전략 및 경영방침'을 적용하기 위해 실제로 취한 행동은 무엇이었습니까? | 다른 선택지와 비교해 그 행동을 선택한 기준은 무엇이었습니까?,구체적 상황 설명 | 본인 역할과 행동 | 판단 근거와 협업 | 결과 지표와 학습 | 경영 전략 및 경영방침 적용 근거 | 소비자 패턴분석 능력 적용 근거,경영 전략 및 경영방침 | 소비자 패턴분석 능력 | 고객 소비자 특성을 정확히 파악하려는 자세,3,1.0,True,
303039,303039_1_직무기술서.zip,보안,보안,12. [강원랜드] 직무설명서_직원숙소 운영보조.pdf,2,상황면접,경비계획,1101010101_14v1,template_fallback,,,,False,no_model_question,"보안 세분류의 경비계획 업무 중 '현장(경비)조사 능력'과 관련해 출입 통제 예외 요청, 순찰 공백 가능성, 이상 상황 신고가 동시에 발생한 상황입니다. 어떤 기준으로 판단하고 위험요인을 어떻게 통제하며, 사실 확인부터 보고와 실행까지 어떤 순서로 행동하시겠습니까?","판단 전에 먼저 확인해야 할 사실과 기준은 무엇입니까? | '현장(경비)조사 능력'과 관련해 그 행동을 선택한 이유와 예상되는 위험요인은 무엇입니까? | 방문객, 현장 경비원, 시설 담당자, 보안 책임자 등 이해관계자에게 어떤 순서와 방식으로 설명하시겠습니까?",핵심 사실 확인 | 판단 기준 | 행동 순서와 첫 조치 | 위험요인 인식 | 환경조사분석기법 적용 근거 | 현장(경비)조사 능력 적용 근거,현장(경비)조사 능력 | 환경조사분석기법 | 고객의 요구사항에 대한 객관적 태도,3,1.0,True,
303039,303039_1_직무기술서.zip,구조물해체,구조물해체,3. [강원랜드] 직무설명서_슬로프 관리.pdf,3,발표면접,구조물해체 도면파악,1403021201_20v3,template_fallback,,,,False,no_model_question,"[발표과제] 구조물해체 세분류의 구조물해체 도면파악 업무에서 '도면 숙지 의지'와 관련된 설비 점검 기록, 도면, 작업허가서, 이상 징후 로그, 안전점검 결과가 주어졌다고 가정하고 준비시간 20분 후 현황 문제를 진단하고 개선안을 5분 발표해 주세요. 발표에는 현황 진단, 원인 분석, 대안 2가지, 실행 우선순위, 성과지표, 5분 질의응답 답변을 포함하세요 (구조물해체 도면파악이란 관련 도면을 보고 현장상황, 구조물의 형태, 구성재료 등 구조물해체 도면을 파악하는 능력이다.).",'도면 숙지 의지' 쟁점을 발표에서 진단할 때 핵심 근거 자료는 무엇입니까? | 대안 중 우선순위를 가장 높게 둔 방안과 그 이유는 무엇입니까? | 면접위원이 반대 의견을 제시한다면 어떤 근거로 답변하시겠습니까?,자료 분석력 | 논리적 구조화 | 대안의 실행가능성 | 실행계획 구체성 | KSF 1501 건축제도 통칙 적용 근거 | 각종 표시기호 활용 기술 적용 근거,도면 숙지 의지 | KSF 1501 건축제도 통칙 | 각종 표시기호 활용 기술,3,1.0,True,
303039,303039_1_직무기술서.zip,식음료접객,식음료접객,5. [강원랜드] 직무설명서_식음.pdf,4,토론면접,식음료 영업 준비,1301020101_22v3,template_fallback,,,,False,no_model_question,"[토론과제] 식음료접객 세분류의 식음료 영업 준비 업무에서 '영업장 메뉴' 관련 위생·품질 기준을 강화하는 입장과 조리 속도·영업 효율을 우선하는 입장이 충돌합니다. 토론시간 20분 동안 1분 입장발표 후 반대 의견의 타당한 부분을 확인하고, 본인의 초기 입장과 근거, 쟁점 조정 방식, 최종 합의안 도출 방식을 제시해 주세요.",'영업장 메뉴' 쟁점에서 본인의 초기 입장을 뒷받침하는 핵심 근거는 무엇입니까? | 반대 의견 중 수용할 수 있는 부분과 수용하기 어려운 부분은 무엇입니까? | 논의가 감정적 대립으로 흐를 때 어떻게 조정하시겠습니까?,입장발표 근거 | 경청과 상호작용 | 갈등 조정 | 최종 합의안 도출 | 기물종류 및 취급방법 적용 근거 | 기물 파지 및 운반 능력 적용 근거,영업장 메뉴 | 기물종류 및 취급방법 | 기물 파지 및 운반 능력,3,1.0,True,
303039,303039_1_직무기술서.zip,한식조리,한식조리,6. [강원랜드] 직무설명서_조리.pdf,5,인바스켓면접,한식 면류조리,1301010103_21v4,template_fallback,,,,False,no_model_question,"[인바스켓과제] 제한시간 30분 안에 한식조리 세분류의 한식 면류조리 관련 식재료 재고표, 위생점검 요청, 고객 불만 접수, 조리 일정 변경 문서가 동시에 들어왔습니다. '식재료 선별능력'을 기준으로 처리 우선순위와 상급자 보고, 위임, 직접처리 판단 및 첫 15분 행동을 제시해 주세요.","'식재료 선별능력' 기준으로 여러 문서와 요청을 어떻게 분류하겠습니까? | 가장 먼저 처리할 항목과 보류할 항목을 각각 무엇으로 보겠습니까? | 조리장, 홀 담당자, 위생 담당자, 고객 중 누구에게 보고, 위임, 직접 처리할지 어떻게 선택하겠습니까?",우선순위 판단 | 문서·요청 분류 | 보고·위임·직접처리 판단 | 시간관리 | 주재료의 종류 적용 근거 | 면 종류에 따라 사용하는 재료의 선택능력 적용 근거,식재료 선별능력 | 주재료의 종류 | 면 종류에 따라 사용하는 재료의 선택능력,3,1.0,True,
303039,303039_1_직무기술서.zip,양식조리,양식조리,6. [강원랜드] 직무설명서_조리.pdf,6,직무지식면접,양식 스톡조리,1301010202_21v4,template_fallback,,,,False,no_model_question,"양식조리 세분류의 양식 스톡조리에서 '스톡의 종류와 조리법'과 관련해 확인해야 할 절차, 기준, 관련 근거, 산출물을 설명하고 실제 업무에 적용할 때의 예외상황, 품질 점검 방법, 오류 예방 유의점을 말씀해 주세요.",'스톡의 종류와 조리법'과 관련해 반드시 확인해야 할 기준이나 규정은 무엇입니까? | 그 기준을 실제 업무에 적용할 때 자주 발생하는 예외상황은 무엇입니까? | 관련 산출물의 품질을 어떻게 점검하겠습니까?,절차·기준 이해 | 직무지식 적용 | 예외상황 판단 | 산출물 품질 | 스톡의 종류와 조리법 적용 근거 | 냉장·냉동고 관리 능력 적용 근거,스톡의 종류와 조리법 | 냉장·냉동고 관리 능력 | 반복훈련 태도,3,1.0,True,
303034,303034_1_직무기술서(사회복지사).hwp,사회복지 사례관리,사회복지사례관리,303034_1_직무기술서(사회복지사).hwp,1,경험면접,사회복지사례관리 실행계획 수립,0701020405_23v4,template_fallback,,,,False,no_model_question,"사회복지 사례관리 세분류의 사회복지사례관리 실행계획 수립 수행 과정에서 '강점관점 개념'을 적용해 문제를 해결하거나 성과를 낸 경험을 말씀해 주세요. 당시 상황과 과제, 본인 역할, 선택한 행동, 결과 지표와 학습을 포함해 설명해 주세요.",당시 상황과 본인이 맡은 역할을 구체적으로 설명해 주세요. | '강점관점 개념'을 적용하기 위해 실제로 취한 행동은 무엇이었습니까? | 다른 선택지와 비교해 그 행동을 선택한 기준은 무엇이었습니까?,"구체적 상황 설명 | 본인 역할과 행동 | 판단 근거와 협업 | 결과 지표와 학습 | 강점관점 개념 적용 근거 | 목적, 목표 작성기술 적용 근거","강점관점 개념 | 목적, 목표 작성기술 | 사례관리대상자의 욕구를 존중하는 자세",3,1.0,True,
303034,303034_1_직무기술서(사회복지사).hwp,사회복지 사례관리,사회복지사례관리,303034_1_직무기술서(사회복지사).hwp,2,상황면접,사회복지사례관리 실행계획 수립,0701020405_23v4,template_fallback,,,,False,no_model_question,"사회복지 사례관리 세분류의 사회복지사례관리 실행계획 수립 업무 중 '목적, 목표 작성기술'과 관련해 대상자 욕구 변경, 보호자 요청, 서비스 연계 일정 지연이 동시에 발생한 상황입니다. 어떤 기준으로 판단하고 위험요인을 어떻게 통제하며, 사실 확인부터 보고와 실행까지 어떤 순서로 행동하시겠습니까?","판단 전에 먼저 확인해야 할 사실과 기준은 무엇입니까? | '목적, 목표 작성기술'과 관련해 그 행동을 선택한 이유와 예상되는 위험요인은 무엇입니까? | 대상자, 보호자, 사례관리자, 연계기관 담당자 등 이해관계자에게 어떤 순서와 방식으로 설명하시겠습니까?","핵심 사실 확인 | 판단 기준 | 행동 순서와 첫 조치 | 위험요인 인식 | 강점관점 개념 적용 근거 | 목적, 목표 작성기술 적용 근거","목적, 목표 작성기술 | 강점관점 개념 | 사례관리대상자의 욕구를 존중하는 자세",3,1.0,True,
303034,303034_1_직무기술서(사회복지사).hwp,사회복지 사례관리,사회복지사례관리,303034_1_직무기술서(사회복지사).hwp,3,발표면접,사회복지사례관리 실행계획 수립,0701020405_23v4,template_fallback,,,,False,no_model_question,"[발표과제] 사회복지 사례관리 세분류의 사회복지사례관리 실행계획 수립 업무에서 '사례관리대상자의 욕구를 존중하는 자세'와 관련된 초기상담 기록, 욕구 사정표, 서비스 연계 현황, 대상자 동의 기록이 주어졌다고 가정하고 준비시간 20분 후 현황 문제를 진단하고 개선안을 5분 발표해 주세요. 발표에는 현황 진단, 원인 분석, 대안 2가지, 실행 우선순위, 성과지표, 5분 질의응답 답변을 포함하세요 (사회복지 사례관리 실행계획 수립이란 사례관리대상자와 함께 사정 내용을 근거로 개별화된 목표를 수립하고, 실행계획을 구체화하는).",'사례관리대상자의 욕구를 존중하는 자세' 쟁점을 발표에서 진단할 때 핵심 근거 자료는 무엇입니까? | 대안 중 우선순위를 가장 높게 둔 방안과 그 이유는 무엇입니까? | 면접위원이 반대 의견을 제시한다면 어떤 근거로 답변하시겠습니까?,"자료 분석력 | 논리적 구조화 | 대안의 실행가능성 | 실행계획 구체성 | 강점관점 개념 적용 근거 | 목적, 목표 작성기술 적용 근거","사례관리대상자의 욕구를 존중하는 자세 | 강점관점 개념 | 목적, 목표 작성기술",3,1.0,True,
303034,303034_1_직무기술서(사회복지사).hwp,사회복지 사례관리,사회복지사례관리,303034_1_직무기술서(사회복지사).hwp,4,토론면접,사회복지사례관리 실행계획 수립,0701020405_23v4,template_fallback,,,,False,no_model_question,"[토론과제] 사회복지 사례관리 세분류의 사회복지사례관리 실행계획 수립 업무에서 '역량강화(empowerment) 이론' 관련 대상자 자기결정권을 우선하는 입장과 기관 자원 배분 기준을 우선하는 입장이 충돌합니다. 토론시간 20분 동안 1분 입장발표 후 반대 의견의 타당한 부분을 확인하고, 본인의 초기 입장과 근거, 쟁점 조정 방식, 최종 합의안 도출 방식을 제시해 주세요.",'역량강화(empowerment) 이론' 쟁점에서 본인의 초기 입장을 뒷받침하는 핵심 근거는 무엇입니까? | 반대 의견 중 수용할 수 있는 부분과 수용하기 어려운 부분은 무엇입니까? | 논의가 감정적 대립으로 흐를 때 어떻게 조정하시겠습니까?,"입장발표 근거 | 경청과 상호작용 | 갈등 조정 | 최종 합의안 도출 | 강점관점 개념 적용 근거 | 목적, 목표 작성기술 적용 근거","역량강화(empowerment) 이론 | 강점관점 개념 | 목적, 목표 작성기술",3,1.0,True,
303034,303034_1_직무기술서(사회복지사).hwp,사회복지 사례관리,사회복지사례관리,303034_1_직무기술서(사회복지사).hwp,5,인바스켓면접,사회복지사례관리 실행계획 수립,0701020405_23v4,template_fallback,,,,False,no_model_question,"[인바스켓과제] 제한시간 30분 안에 사회복지 사례관리 세분류의 사회복지사례관리 실행계획 수립 관련 상담 기록지, 서비스 연계 요청서, 대상자 긴급 연락, 기관 회신 문서가 동시에 들어왔습니다. '정보수집 기술'을 기준으로 처리 우선순위와 상급자 보고, 위임, 직접처리 판단 및 첫 15분 행동을 제시해 주세요.","'정보수집 기술' 기준으로 여러 문서와 요청을 어떻게 분류하겠습니까? | 가장 먼저 처리할 항목과 보류할 항목을 각각 무엇으로 보겠습니까? | 대상자, 보호자, 사례관리자, 연계기관 담당자 중 누구에게 보고, 위임, 직접 처리할지 어떻게 선택하겠습니까?","우선순위 판단 | 문서·요청 분류 | 보고·위임·직접처리 판단 | 시간관리 | 강점관점 개념 적용 근거 | 목적, 목표 작성기술 적용 근거","정보수집 기술 | 강점관점 개념 | 목적, 목표 작성기술",3,1.0,True,
303034,303034_1_직무기술서(사회복지사).hwp,사회복지 사례관리,사회복지사례관리,303034_1_직무기술서(사회복지사).hwp,6,직무지식면접,사회복지사례관리 실행계획 수립,0701020405_23v4,template_fallback,,,,False,no_model_question,"사회복지 사례관리 세분류의 사회복지사례관리 실행계획 수립에서 '강점관점 개념'과 관련해 확인해야 할 절차, 기준, 관련 근거, 산출물을 설명하고 실제 업무에 적용할 때의 예외상황, 품질 점검 방법, 오류 예방 유의점을 말씀해 주세요.",'강점관점 개념'과 관련해 반드시 확인해야 할 기준이나 규정은 무엇입니까? | 그 기준을 실제 업무에 적용할 때 자주 발생하는 예외상황은 무엇입니까? | 관련 산출물의 품질을 어떻게 점검하겠습니까?,"절차·기준 이해 | 직무지식 적용 | 예외상황 판단 | 산출물 품질 | 강점관점 개념 적용 근거 | 목적, 목표 작성기술 적용 근거","강점관점 개념 | 목적, 목표 작성기술 | 사례관리대상자의 욕구를 존중하는 자세",3,1.0,True,
303033,303033_1_직무기술서(간호사).hwp,총무,총무,303033_1_직무기술서(간호사).hwp,1,경험면접,사업계획수립,0202010101_25v3,template_fallback,,,,False,no_model_question,"총무 세분류의 사업계획수립 수행 과정에서 '산업동향'을 적용해 문제를 해결하거나 성과를 낸 경험을 말씀해 주세요. 당시 상황과 과제, 본인 역할, 선택한 행동, 결과 지표와 학습을 포함해 설명해 주세요.",당시 상황과 본인이 맡은 역할을 구체적으로 설명해 주세요. | '산업동향'을 적용하기 위해 실제로 취한 행동은 무엇이었습니까? | 다른 선택지와 비교해 그 행동을 선택한 기준은 무엇이었습니까?,구체적 상황 설명 | 본인 역할과 행동 | 판단 근거와 협업 | 결과 지표와 학습 | 산업동향 적용 근거 | 정보수집 능력 적용 근거,산업동향 | 관련산업 동향을 파악하려는 자세 | 정보수집 능력,3,1.0,True,
303033,303033_1_직무기술서(간호사).hwp,총무,총무,303033_1_직무기술서(간호사).hwp,2,상황면접,행사지원관리,0202010102_25v3,template_fallback,,,,False,no_model_question,"총무 세분류의 행사지원관리 업무 중 '행사 진행기술'과 관련해 요구사항 변경, 결재 지연, 문서 기준 불일치가 동시에 발생한 상황입니다. 어떤 기준으로 판단하고 위험요인을 어떻게 통제하며, 사실 확인부터 보고와 실행까지 어떤 순서로 행동하시겠습니까?","판단 전에 먼저 확인해야 할 사실과 기준은 무엇입니까? | '행사 진행기술'과 관련해 그 행동을 선택한 이유와 예상되는 위험요인은 무엇입니까? | 상급자, 협업 부서, 민원인 등 이해관계자에게 어떤 순서와 방식으로 설명하시겠습니까?",핵심 사실 확인 | 판단 기준 | 행동 순서와 첫 조치 | 위험요인 인식 | 행사 기획 적용 근거 | 행사 진행기술 적용 근거,행사 진행기술 | 행사 기획 | 현장 문제를 적극적으로 해결하려는 자세,3,1.0,True,
303033,303033_1_직무기술서(간호사).hwp,총무,총무,303033_1_직무기술서(간호사).hwp,3,발표면접,부동산관리,0202010103_25v3,template_fallback,,,,False,no_model_question,"[발표과제] 총무 세분류의 부동산관리 업무에서 '분석적으로 사고하려는 의지'와 관련된 요구사항 목록, 결재 문서, 회의록, 일정표, 이해관계자 요청 내역이 주어졌다고 가정하고 준비시간 20분 후 현황 문제를 진단하고 개선안을 5분 발표해 주세요. 발표에는 현황 진단, 원인 분석, 대안 2가지, 실행 우선순위, 성과지표, 5분 질의응답 답변을 포함하세요 (부동산관리란 조직의 원활한 업무수행을 위하여 부동산의 취득, 임차, 처분과 관련된 제반 업무를 수행하는 능력이다.).",'분석적으로 사고하려는 의지' 쟁점을 발표에서 진단할 때 핵심 근거 자료는 무엇입니까? | 대안 중 우선순위를 가장 높게 둔 방안과 그 이유는 무엇입니까? | 면접위원이 반대 의견을 제시한다면 어떤 근거로 답변하시겠습니까?,자료 분석력 | 논리적 구조화 | 대안의 실행가능성 | 실행계획 구체성 | 세법 적용 근거 | 보험 상품 분석 기술 적용 근거,분석적으로 사고하려는 의지 | 세법 | 보험 상품 분석 기술,3,1.0,True,
303033,303033_1_직무기술서(간호사).hwp,사무행정,사무행정,303033_1_직무기술서(간호사).hwp,4,토론면접,문서 작성,0202030201_22v3,template_fallback,,,,False,no_model_question,"[토론과제] 사무행정 세분류의 문서 작성 업무에서 '문서 작성 절차' 관련 문서·절차 기준을 강화하는 입장과 처리 속도·협업 효율을 우선하는 입장이 충돌합니다. 토론시간 20분 동안 1분 입장발표 후 반대 의견의 타당한 부분을 확인하고, 본인의 초기 입장과 근거, 쟁점 조정 방식, 최종 합의안 도출 방식을 제시해 주세요.",'문서 작성 절차' 쟁점에서 본인의 초기 입장을 뒷받침하는 핵심 근거는 무엇입니까? | 반대 의견 중 수용할 수 있는 부분과 수용하기 어려운 부분은 무엇입니까? | 논의가 감정적 대립으로 흐를 때 어떻게 조정하시겠습니까?,입장발표 근거 | 경청과 상호작용 | 갈등 조정 | 최종 합의안 도출 | 부서의 업무 분장 내용 적용 근거 | 요구사항 분석 능력 적용 근거,문서 작성 절차 | 부서의 업무 분장 내용 | 요구사항 분석 능력,3,1.0,True,
303033,303033_1_직무기술서(간호사).hwp,사무행정,사무행정,303033_1_직무기술서(간호사).hwp,5,인바스켓면접,문서 관리,0202030202_22v3,template_fallback,,,,False,no_model_question,"[인바스켓과제] 제한시간 30분 안에 사무행정 세분류의 문서 관리 관련 결재 대기 문서, 회의 요청, 요구사항 변경 메일, 마감 임박 업무 목록이 동시에 들어왔습니다. '문서 대장 기록 능력'을 기준으로 처리 우선순위와 상급자 보고, 위임, 직접처리 판단 및 첫 15분 행동을 제시해 주세요.","'문서 대장 기록 능력' 기준으로 여러 문서와 요청을 어떻게 분류하겠습니까? | 가장 먼저 처리할 항목과 보류할 항목을 각각 무엇으로 보겠습니까? | 요청 부서, 결재권자, 협업 담당자, 외부 관계자 중 누구에게 보고, 위임, 직접 처리할지 어떻게 선택하겠습니까?",우선순위 판단 | 문서·요청 분류 | 보고·위임·직접처리 판단 | 시간관리 | 문서 관리 규정 적용 근거 | 문서 분류 능력 적용 근거,문서 대장 기록 능력 | 문서 관리 규정 | 문서 분류 능력,3,1.0,True,
303033,303033_1_직무기술서(간호사).hwp,사무행정,사무행정,303033_1_직무기술서(간호사).hwp,6,직무지식면접,자료 관리,0202030203_22v4,template_fallback,,,,False,no_model_question,"사무행정 세분류의 자료 관리에서 '부서의 업무 분장'과 관련해 확인해야 할 절차, 기준, 관련 근거, 산출물을 설명하고 실제 업무에 적용할 때의 예외상황, 품질 점검 방법, 오류 예방 유의점을 말씀해 주세요.",'부서의 업무 분장'과 관련해 반드시 확인해야 할 기준이나 규정은 무엇입니까? | 그 기준을 실제 업무에 적용할 때 자주 발생하는 예외상황은 무엇입니까? | 관련 산출물의 품질을 어떻게 점검하겠습니까?,절차·기준 이해 | 직무지식 적용 | 예외상황 판단 | 산출물 품질 | 부서의 업무 분장 적용 근거 | 자료 수집 저장 능력 적용 근거,부서의 업무 분장 | 자료 수집 저장 능력 | 업무 특성을 파악하는 자세,3,1.0,True,
303019,303019_1_직무기술서.hwp,화물운송,화물운송,303019_1_직무기술서.hwp,1,경험면접,수·배송계획수립,0901010201_15v1,template_fallback,,,,False,no_model_question,"화물운송 세분류의 수·배송계획수립 수행 과정에서 '수ㆍ배송 개념'을 적용해 문제를 해결하거나 성과를 낸 경험을 말씀해 주세요. 당시 상황과 과제, 본인 역할, 선택한 행동, 결과 지표와 학습을 포함해 설명해 주세요.",당시 상황과 본인이 맡은 역할을 구체적으로 설명해 주세요. | '수ㆍ배송 개념'을 적용하기 위해 실제로 취한 행동은 무엇이었습니까? | 다른 선택지와 비교해 그 행동을 선택한 기준은 무엇이었습니까?,구체적 상황 설명 | 본인 역할과 행동 | 판단 근거와 협업 | 결과 지표와 학습 | 수ㆍ배송 개념 적용 근거 | 화물의 종류 및 물량 분배 능력 적용 근거,수ㆍ배송 개념 | 화물의 종류 및 물량 분배 능력 | 규정과 순서를 지키려는 태도,3,1.0,True,
303019,303019_1_직무기술서.hwp,화물운송,화물운송,303019_1_직무기술서.hwp,2,상황면접,화주서비스관리,0901010202_15v1,template_fallback,,,,False,no_model_question,"화물운송 세분류의 화주서비스관리 업무 중 '화주특징 분석 능력'과 관련해 화주 요청 변경, 배차 지연, 운임 산정 오류가 동시에 발생한 상황입니다. 어떤 기준으로 판단하고 위험요인을 어떻게 통제하며, 사실 확인부터 보고와 실행까지 어떤 순서로 행동하시겠습니까?","판단 전에 먼저 확인해야 할 사실과 기준은 무엇입니까? | '화주특징 분석 능력'과 관련해 그 행동을 선택한 이유와 예상되는 위험요인은 무엇입니까? | 화주, 운전 담당자, 배차 담당자, 협력 운송사 등 이해관계자에게 어떤 순서와 방식으로 설명하시겠습니까?",핵심 사실 확인 | 판단 기준 | 행동 순서와 첫 조치 | 위험요인 인식 | 고객관리 이론 적용 근거 | 화주특징 분석 능력 적용 근거,화주특징 분석 능력 | 고객관리 이론 | 화주관리계획을 충실히 실천하려는 태도,3,1.0,True,
303019,303019_1_직무기술서.hwp,화물운송,화물운송,303019_1_직무기술서.hwp,3,발표면접,화물자동차운송운임산정,0901010203_23v2,template_fallback,,,,False,no_model_question,"[발표과제] 화물운송 세분류의 화물자동차운송운임산정 업무에서 '운임원가산정에 대한 분석적 태도'와 관련된 운송 의뢰서, 배차표, 운임 산정 자료, 화주 요청 변경 내역이 주어졌다고 가정하고 준비시간 20분 후 현황 문제를 진단하고 개선안을 5분 발표해 주세요. 발표에는 현황 진단, 원인 분석, 대안 2가지, 실행 우선순위, 성과지표, 5분 질의응답 답변을 포함하세요 (화물자동차운송운임 산정은 화물자동차를 이용하는 화물운송에 필요한 운임원가를 분석하고 적정하고 합리적인 운임을 산출하는 능력이다).",'운임원가산정에 대한 분석적 태도' 쟁점을 발표에서 진단할 때 핵심 근거 자료는 무엇입니까? | 대안 중 우선순위를 가장 높게 둔 방안과 그 이유는 무엇입니까? | 면접위원이 반대 의견을 제시한다면 어떤 근거로 답변하시겠습니까?,자료 분석력 | 논리적 구조화 | 대안의 실행가능성 | 실행계획 구체성 | 화물자동차 운수사업법 적용 근거 | 운임단위와 산정기준에 따른 운임원가 계산능력 적용 근거,운임원가산정에 대한 분석적 태도 | 화물자동차 운수사업법 | 운임단위와 산정기준에 따른 운임원가 계산능력,3,1.0,True,
303019,303019_1_직무기술서.hwp,화물운송,화물운송,303019_1_직무기술서.hwp,4,토론면접,화물정보시스템활용,0901010204_23v2,template_fallback,,,,False,no_model_question,"[토론과제] 화물운송 세분류의 화물정보시스템활용 업무에서 '화물정보망 프로그램 작동절차' 관련 운송 기준과 안전·정확성을 강화하는 입장과 납기·비용 효율을 우선하는 입장이 충돌합니다. 토론시간 20분 동안 1분 입장발표 후 반대 의견의 타당한 부분을 확인하고, 본인의 초기 입장과 근거, 쟁점 조정 방식, 최종 합의안 도출 방식을 제시해 주세요.",'화물정보망 프로그램 작동절차' 쟁점에서 본인의 초기 입장을 뒷받침하는 핵심 근거는 무엇입니까? | 반대 의견 중 수용할 수 있는 부분과 수용하기 어려운 부분은 무엇입니까? | 논의가 감정적 대립으로 흐를 때 어떻게 조정하시겠습니까?,입장발표 근거 | 경청과 상호작용 | 갈등 조정 | 최종 합의안 도출 | 화물정보망 프로그램 구성 내용 적용 근거 | 화물정보망 프로그램 작동능력 적용 근거,화물정보망 프로그램 작동절차 | 화물정보망 프로그램 구성 내용 | 화물정보망 프로그램 작동능력,3,1.0,True,
303019,303019_1_직무기술서.hwp,화물운송,화물운송,303019_1_직무기술서.hwp,5,인바스켓면접,화물자동차운행관리,0901010205_15v1,template_fallback,,,,False,no_model_question,"[인바스켓과제] 제한시간 30분 안에 화물운송 세분류의 화물자동차운행관리 관련 운송 의뢰서, 배차 변경 요청, 화주 불만 접수, 운임 검토 문서가 동시에 들어왔습니다. '화물취급지침 교육스킬'을 기준으로 처리 우선순위와 상급자 보고, 위임, 직접처리 판단 및 첫 15분 행동을 제시해 주세요.","'화물취급지침 교육스킬' 기준으로 여러 문서와 요청을 어떻게 분류하겠습니까? | 가장 먼저 처리할 항목과 보류할 항목을 각각 무엇으로 보겠습니까? | 화주, 운전 담당자, 배차 담당자, 협력 운송사 중 누구에게 보고, 위임, 직접 처리할지 어떻게 선택하겠습니까?",우선순위 판단 | 문서·요청 분류 | 보고·위임·직접처리 판단 | 시간관리 | 화물취급교육 교안작성 방법 적용 근거 | 교육대상자별 맞춤 교육 능력 적용 근거,화물취급지침 교육스킬 | 화물취급교육 교안작성 방법 | 교육대상자별 맞춤 교육 능력,3,1.0,True,
303019,303019_1_직무기술서.hwp,화물운송,화물운송,303019_1_직무기술서.hwp,6,직무지식면접,화물자동차운전준비,0901010206_15v1,template_fallback,,,,False,no_model_question,"화물운송 세분류의 화물자동차운전준비에서 '화물차량운행경로상의 지리정보'와 관련해 확인해야 할 절차, 기준, 관련 근거, 산출물을 설명하고 실제 업무에 적용할 때의 예외상황, 품질 점검 방법, 오류 예방 유의점을 말씀해 주세요.",'화물차량운행경로상의 지리정보'와 관련해 반드시 확인해야 할 기준이나 규정은 무엇입니까? | 그 기준을 실제 업무에 적용할 때 자주 발생하는 예외상황은 무엇입니까? | 관련 산출물의 품질을 어떻게 점검하겠습니까?,절차·기준 이해 | 직무지식 적용 | 예외상황 판단 | 산출물 품질 | 화물차량운행경로상의 지리정보 적용 근거 | 화물운행정보 기기 작동 기술 적용 근거,화물차량운행경로상의 지리정보 | 화물운행정보 기기 작동 기술 | 정확한 업무처리 태도,3,1.0,True,
303017,303017_1_직무기술서.pdf,환경미화,환경미화,303017_1_직무기술서.pdf,1,경험면접,청소현장현황파악,1102010101_15v1,template_fallback,,,,False,no_model_question,"환경미화 세분류의 청소현장현황파악 수행 과정에서 '청소대상물에 대한 지식'을 적용해 문제를 해결하거나 성과를 낸 경험을 말씀해 주세요. 당시 상황과 과제, 본인 역할, 선택한 행동, 결과 지표와 학습을 포함해 설명해 주세요.",당시 상황과 본인이 맡은 역할을 구체적으로 설명해 주세요. | '청소대상물에 대한 지식'을 적용하기 위해 실제로 취한 행동은 무엇이었습니까? | 다른 선택지와 비교해 그 행동을 선택한 기준은 무엇이었습니까?,구체적 상황 설명 | 본인 역할과 행동 | 판단 근거와 협업 | 결과 지표와 학습 | 청소대상물에 대한 지식 적용 근거 | 고객니즈 분석능력 적용 근거,청소대상물에 대한 지식 | 고객니즈 분석능력 | 고객지향적 사고,3,1.0,True,
303017,303017_1_직무기술서.pdf,환경미화,환경미화,303017_1_직무기술서.pdf,2,상황면접,청소계획수립,1102010102_15v1,template_fallback,,,,False,no_model_question,"환경미화 세분류의 청소계획수립 업무 중 '청소범위 설정능력'과 관련해 청소 범위 변경, 반복 민원, 안전사고 위험 구역 발견이 동시에 발생한 상황입니다. 어떤 기준으로 판단하고 위험요인을 어떻게 통제하며, 사실 확인부터 보고와 실행까지 어떤 순서로 행동하시겠습니까?","판단 전에 먼저 확인해야 할 사실과 기준은 무엇입니까? | '청소범위 설정능력'과 관련해 그 행동을 선택한 이유와 예상되는 위험요인은 무엇입니까? | 현장 관리자, 이용자, 협업 근무자, 안전 담당자 등 이해관계자에게 어떤 순서와 방식으로 설명하시겠습니까?",핵심 사실 확인 | 판단 기준 | 행동 순서와 첫 조치 | 위험요인 인식 | 청소대상물별 청소방법론 적용 근거 | 청소범위 설정능력 적용 근거,청소범위 설정능력 | 청소대상물별 청소방법론 | 효율성 추구,3,1.0,True,
303017,303017_1_직무기술서.pdf,환경미화,환경미화,303017_1_직무기술서.pdf,3,발표면접,청소활동수행,1102010103_15v1,template_fallback,,,,False,no_model_question,"[발표과제] 환경미화 세분류의 청소활동수행 업무에서 '관계자들을 이해하고 존중하는 태도'와 관련된 구역별 청소 점검표, 민원 접수 내역, 오염도 확인 사진, 작업 배치표가 주어졌다고 가정하고 준비시간 20분 후 현황 문제를 진단하고 개선안을 5분 발표해 주세요. 발표에는 현황 진단, 원인 분석, 대안 2가지, 실행 우선순위, 성과지표, 5분 질의응답 답변을 포함하세요 (청소활동 수행이란 청소계획수립에 의거하여 고객요구를 만족시키기 위해 청소준비, 청소활동 전개, 청소활동 마무리 활동을 수행하는).",'관계자들을 이해하고 존중하는 태도' 쟁점을 발표에서 진단할 때 핵심 근거 자료는 무엇입니까? | 대안 중 우선순위를 가장 높게 둔 방안과 그 이유는 무엇입니까? | 면접위원이 반대 의견을 제시한다면 어떤 근거로 답변하시겠습니까?,자료 분석력 | 논리적 구조화 | 대안의 실행가능성 | 실행계획 구체성 | 일정관리 방법론 적용 근거 | 프레젠테이션 스킬 적용 근거,관계자들을 이해하고 존중하는 태도 | 일정관리 방법론 | 프레젠테이션 스킬,3,1.0,True,
303017,303017_1_직무기술서.pdf,환경미화,환경미화,303017_1_직무기술서.pdf,4,토론면접,비상상황 대비 대응,1102010104_15v1,template_fallback,,,,False,no_model_question,"[토론과제] 환경미화 세분류의 비상상황 대비 대응 업무에서 '안전관리 관련 법규 관련 지식' 관련 청소 품질 기준을 강화하는 입장과 제한된 인력·시간 내 처리 효율을 우선하는 입장이 충돌합니다. 토론시간 20분 동안 1분 입장발표 후 반대 의견의 타당한 부분을 확인하고, 본인의 초기 입장과 근거, 쟁점 조정 방식, 최종 합의안 도출 방식을 제시해 주세요.",'안전관리 관련 법규 관련 지식' 쟁점에서 본인의 초기 입장을 뒷받침하는 핵심 근거는 무엇입니까? | 반대 의견 중 수용할 수 있는 부분과 수용하기 어려운 부분은 무엇입니까? | 논의가 감정적 대립으로 흐를 때 어떻게 조정하시겠습니까?,입장발표 근거 | 경청과 상호작용 | 갈등 조정 | 최종 합의안 도출 | 안전점검 기준 적용 근거 | 체크리스트 활용능력 적용 근거,안전관리 관련 법규 관련 지식 | 안전점검 기준 | 체크리스트 활용능력,3,1.0,True,
303017,303017_1_직무기술서.pdf,환경미화,환경미화,303017_1_직무기술서.pdf,5,인바스켓면접,청소품질검증,1102010105_15v1,template_fallback,,,,False,no_model_question,"[인바스켓과제] 제한시간 30분 안에 환경미화 세분류의 청소품질검증 관련 구역별 작업지시서, 민원 접수 문서, 안전주의 요청, 인력 배치 변경 문서가 동시에 들어왔습니다. '품질검증 기획능력'을 기준으로 처리 우선순위와 상급자 보고, 위임, 직접처리 판단 및 첫 15분 행동을 제시해 주세요.","'품질검증 기획능력' 기준으로 여러 문서와 요청을 어떻게 분류하겠습니까? | 가장 먼저 처리할 항목과 보류할 항목을 각각 무엇으로 보겠습니까? | 현장 관리자, 이용자, 협업 근무자, 안전 담당자 중 누구에게 보고, 위임, 직접 처리할지 어떻게 선택하겠습니까?",우선순위 판단 | 문서·요청 분류 | 보고·위임·직접처리 판단 | 시간관리 | 목표의 요건 적용 근거 | 체크리스트 활용능력 적용 근거,품질검증 기획능력 | 목표의 요건 | 체크리스트 활용능력,3,1.0,True,
303017,303017_1_직무기술서.pdf,환경미화,환경미화,303017_1_직무기술서.pdf,6,직무지식면접,청소장비운용,1102010106_15v1,template_fallback,,,,False,no_model_question,"환경미화 세분류의 청소장비운용에서 '장비의 특성, 용도, 성능'과 관련해 확인해야 할 절차, 기준, 관련 근거, 산출물을 설명하고 실제 업무에 적용할 때의 예외상황, 품질 점검 방법, 오류 예방 유의점을 말씀해 주세요.","'장비의 특성, 용도, 성능'과 관련해 반드시 확인해야 할 기준이나 규정은 무엇입니까? | 그 기준을 실제 업무에 적용할 때 자주 발생하는 예외상황은 무엇입니까? | 관련 산출물의 품질을 어떻게 점검하겠습니까?","절차·기준 이해 | 직무지식 적용 | 예외상황 판단 | 산출물 품질 | 장비의 특성, 용도, 성능 적용 근거 | 장비성능 분석능력 적용 근거","장비의 특성, 용도, 성능 | 장비성능 분석능력 | 준비와 확인의 철저함",3,1.0,True,
303016,303016_1_직무기술서.pdf,환경미화,환경미화,303016_1_직무기술서.pdf,1,경험면접,청소현장현황파악,1102010101_15v1,template_fallback,,,,False,no_model_question,"환경미화 세분류의 청소현장현황파악 수행 과정에서 '청소대상물에 대한 지식'을 적용해 문제를 해결하거나 성과를 낸 경험을 말씀해 주세요. 당시 상황과 과제, 본인 역할, 선택한 행동, 결과 지표와 학습을 포함해 설명해 주세요.",당시 상황과 본인이 맡은 역할을 구체적으로 설명해 주세요. | '청소대상물에 대한 지식'을 적용하기 위해 실제로 취한 행동은 무엇이었습니까? | 다른 선택지와 비교해 그 행동을 선택한 기준은 무엇이었습니까?,구체적 상황 설명 | 본인 역할과 행동 | 판단 근거와 협업 | 결과 지표와 학습 | 청소대상물에 대한 지식 적용 근거 | 고객니즈 분석능력 적용 근거,청소대상물에 대한 지식 | 고객니즈 분석능력 | 고객지향적 사고,3,1.0,True,
303016,303016_1_직무기술서.pdf,환경미화,환경미화,303016_1_직무기술서.pdf,2,상황면접,청소계획수립,1102010102_15v1,template_fallback,,,,False,no_model_question,"환경미화 세분류의 청소계획수립 업무 중 '청소범위 설정능력'과 관련해 청소 범위 변경, 반복 민원, 안전사고 위험 구역 발견이 동시에 발생한 상황입니다. 어떤 기준으로 판단하고 위험요인을 어떻게 통제하며, 사실 확인부터 보고와 실행까지 어떤 순서로 행동하시겠습니까?","판단 전에 먼저 확인해야 할 사실과 기준은 무엇입니까? | '청소범위 설정능력'과 관련해 그 행동을 선택한 이유와 예상되는 위험요인은 무엇입니까? | 현장 관리자, 이용자, 협업 근무자, 안전 담당자 등 이해관계자에게 어떤 순서와 방식으로 설명하시겠습니까?",핵심 사실 확인 | 판단 기준 | 행동 순서와 첫 조치 | 위험요인 인식 | 청소대상물별 청소방법론 적용 근거 | 청소범위 설정능력 적용 근거,청소범위 설정능력 | 청소대상물별 청소방법론 | 효율성 추구,3,1.0,True,
303016,303016_1_직무기술서.pdf,환경미화,환경미화,303016_1_직무기술서.pdf,3,발표면접,청소활동수행,1102010103_15v1,template_fallback,,,,False,no_model_question,"[발표과제] 환경미화 세분류의 청소활동수행 업무에서 '관계자들을 이해하고 존중하는 태도'와 관련된 구역별 청소 점검표, 민원 접수 내역, 오염도 확인 사진, 작업 배치표가 주어졌다고 가정하고 준비시간 20분 후 현황 문제를 진단하고 개선안을 5분 발표해 주세요. 발표에는 현황 진단, 원인 분석, 대안 2가지, 실행 우선순위, 성과지표, 5분 질의응답 답변을 포함하세요 (청소활동 수행이란 청소계획수립에 의거하여 고객요구를 만족시키기 위해 청소준비, 청소활동 전개, 청소활동 마무리 활동을 수행하는).",'관계자들을 이해하고 존중하는 태도' 쟁점을 발표에서 진단할 때 핵심 근거 자료는 무엇입니까? | 대안 중 우선순위를 가장 높게 둔 방안과 그 이유는 무엇입니까? | 면접위원이 반대 의견을 제시한다면 어떤 근거로 답변하시겠습니까?,자료 분석력 | 논리적 구조화 | 대안의 실행가능성 | 실행계획 구체성 | 일정관리 방법론 적용 근거 | 프레젠테이션 스킬 적용 근거,관계자들을 이해하고 존중하는 태도 | 일정관리 방법론 | 프레젠테이션 스킬,3,1.0,True,
303016,303016_1_직무기술서.pdf,환경미화,환경미화,303016_1_직무기술서.pdf,4,토론면접,비상상황 대비 대응,1102010104_15v1,template_fallback,,,,False,no_model_question,"[토론과제] 환경미화 세분류의 비상상황 대비 대응 업무에서 '안전관리 관련 법규 관련 지식' 관련 청소 품질 기준을 강화하는 입장과 제한된 인력·시간 내 처리 효율을 우선하는 입장이 충돌합니다. 토론시간 20분 동안 1분 입장발표 후 반대 의견의 타당한 부분을 확인하고, 본인의 초기 입장과 근거, 쟁점 조정 방식, 최종 합의안 도출 방식을 제시해 주세요.",'안전관리 관련 법규 관련 지식' 쟁점에서 본인의 초기 입장을 뒷받침하는 핵심 근거는 무엇입니까? | 반대 의견 중 수용할 수 있는 부분과 수용하기 어려운 부분은 무엇입니까? | 논의가 감정적 대립으로 흐를 때 어떻게 조정하시겠습니까?,입장발표 근거 | 경청과 상호작용 | 갈등 조정 | 최종 합의안 도출 | 안전점검 기준 적용 근거 | 체크리스트 활용능력 적용 근거,안전관리 관련 법규 관련 지식 | 안전점검 기준 | 체크리스트 활용능력,3,1.0,True,
303016,303016_1_직무기술서.pdf,환경미화,환경미화,303016_1_직무기술서.pdf,5,인바스켓면접,청소품질검증,1102010105_15v1,template_fallback,,,,False,no_model_question,"[인바스켓과제] 제한시간 30분 안에 환경미화 세분류의 청소품질검증 관련 구역별 작업지시서, 민원 접수 문서, 안전주의 요청, 인력 배치 변경 문서가 동시에 들어왔습니다. '품질검증 기획능력'을 기준으로 처리 우선순위와 상급자 보고, 위임, 직접처리 판단 및 첫 15분 행동을 제시해 주세요.","'품질검증 기획능력' 기준으로 여러 문서와 요청을 어떻게 분류하겠습니까? | 가장 먼저 처리할 항목과 보류할 항목을 각각 무엇으로 보겠습니까? | 현장 관리자, 이용자, 협업 근무자, 안전 담당자 중 누구에게 보고, 위임, 직접 처리할지 어떻게 선택하겠습니까?",우선순위 판단 | 문서·요청 분류 | 보고·위임·직접처리 판단 | 시간관리 | 목표의 요건 적용 근거 | 체크리스트 활용능력 적용 근거,품질검증 기획능력 | 목표의 요건 | 체크리스트 활용능력,3,1.0,True,
303016,303016_1_직무기술서.pdf,환경미화,환경미화,303016_1_직무기술서.pdf,6,직무지식면접,청소장비운용,1102010106_15v1,template_fallback,,,,False,no_model_question,"환경미화 세분류의 청소장비운용에서 '장비의 특성, 용도, 성능'과 관련해 확인해야 할 절차, 기준, 관련 근거, 산출물을 설명하고 실제 업무에 적용할 때의 예외상황, 품질 점검 방법, 오류 예방 유의점을 말씀해 주세요.","'장비의 특성, 용도, 성능'과 관련해 반드시 확인해야 할 기준이나 규정은 무엇입니까? | 그 기준을 실제 업무에 적용할 때 자주 발생하는 예외상황은 무엇입니까? | 관련 산출물의 품질을 어떻게 점검하겠습니까?","절차·기준 이해 | 직무지식 적용 | 예외상황 판단 | 산출물 품질 | 장비의 특성, 용도, 성능 적용 근거 | 장비성능 분석능력 적용 근거","장비의 특성, 용도, 성능 | 장비성능 분석능력 | 준비와 확인의 철저함",3,1.0,True,
303014,303014_1_2. NCS기반 직무설명자료(식당파트타임).pdf,한식조리,한식조리,303014_1_2. NCS기반 직무설명자료(식당파트타임).pdf,1,경험면접,한식 면류조리,1301010103_21v4,template_fallback,,,,False,no_model_question,"한식조리 세분류의 한식 면류조리 수행 과정에서 '주재료의 종류'를 적용해 문제를 해결하거나 성과를 낸 경험을 말씀해 주세요. 당시 상황과 과제, 본인 역할, 선택한 행동, 결과 지표와 학습을 포함해 설명해 주세요.",당시 상황과 본인이 맡은 역할을 구체적으로 설명해 주세요. | '주재료의 종류'를 적용하기 위해 실제로 취한 행동은 무엇이었습니까? | 다른 선택지와 비교해 그 행동을 선택한 기준은 무엇이었습니까?,구체적 상황 설명 | 본인 역할과 행동 | 판단 근거와 협업 | 결과 지표와 학습 | 주재료의 종류 적용 근거 | 면 종류에 따라 사용하는 재료의 선택능력 적용 근거,주재료의 종류 | 면 종류에 따라 사용하는 재료의 선택능력 | 바른 작업 태도,3,1.0,True,
303014,303014_1_2. NCS기반 직무설명자료(식당파트타임).pdf,한식조리,한식조리,303014_1_2. NCS기반 직무설명자료(식당파트타임).pdf,2,상황면접,한식 국 · 탕조리,1301010104_21v4,template_fallback,,,,False,no_model_question,"한식조리 세분류의 한식 국 · 탕조리 업무 중 '국물, 육수, 종류에 따른 주재료 선별능력'과 관련해 식재료 수급 차질, 위생 기준 이슈, 조리 일정 지연이 동시에 발생한 상황입니다. 어떤 기준으로 판단하고 위험요인을 어떻게 통제하며, 사실 확인부터 보고와 실행까지 어떤 순서로 행동하시겠습니까?","판단 전에 먼저 확인해야 할 사실과 기준은 무엇입니까? | '국물, 육수, 종류에 따른 주재료 선별능력'과 관련해 그 행동을 선택한 이유와 예상되는 위험요인은 무엇입니까? | 조리장, 홀 담당자, 위생 담당자, 고객 등 이해관계자에게 어떤 순서와 방식으로 설명하시겠습니까?","핵심 사실 확인 | 판단 기준 | 행동 순서와 첫 조치 | 위험요인 인식 | 육수의 종류 적용 근거 | 국물, 육수, 종류에 따른 주재료 선별능력 적용 근거","국물, 육수, 종류에 따른 주재료 선별능력 | 육수의 종류 | 바른 작업태도",3,1.0,True,
303014,303014_1_2. NCS기반 직무설명자료(식당파트타임).pdf,양식조리,양식조리,303014_1_2. NCS기반 직무설명자료(식당파트타임).pdf,3,발표면접,양식 스톡조리,1301010202_21v4,template_fallback,,,,False,no_model_question,"[발표과제] 양식조리 세분류의 양식 스톡조리 업무에서 '반복훈련 태도'와 관련된 메뉴별 판매량, 식재료 재고표, 위생점검 결과, 고객 불만 사례가 주어졌다고 가정하고 준비시간 20분 후 현황 문제를 진단하고 개선안을 5분 발표해 주세요. 발표에는 현황 진단, 원인 분석, 대안 2가지, 실행 우선순위, 성과지표, 5분 질의응답 답변을 포함하세요 (양식 스톡 조리란 육류, 어패류, 채소류 등을 활용하여 조리에 사용되는 육수를 조리하는 능력이다.).",'반복훈련 태도' 쟁점을 발표에서 진단할 때 핵심 근거 자료는 무엇입니까? | 대안 중 우선순위를 가장 높게 둔 방안과 그 이유는 무엇입니까? | 면접위원이 반대 의견을 제시한다면 어떤 근거로 답변하시겠습니까?,자료 분석력 | 논리적 구조화 | 대안의 실행가능성 | 실행계획 구체성 | 스톡의 종류와 조리법 적용 근거 | 냉장·냉동고 관리 능력 적용 근거,반복훈련 태도 | 스톡의 종류와 조리법 | 냉장·냉동고 관리 능력,3,1.0,True,
303014,303014_1_2. NCS기반 직무설명자료(식당파트타임).pdf,양식조리,양식조리,303014_1_2. NCS기반 직무설명자료(식당파트타임).pdf,4,토론면접,양식 소스조리,1301010203_21v4,template_fallback,,,,False,no_model_question,"[토론과제] 양식조리 세분류의 양식 소스조리 업무에서 '소스의 종류와 조리법' 관련 위생·품질 기준을 강화하는 입장과 조리 속도·영업 효율을 우선하는 입장이 충돌합니다. 토론시간 20분 동안 1분 입장발표 후 반대 의견의 타당한 부분을 확인하고, 본인의 초기 입장과 근거, 쟁점 조정 방식, 최종 합의안 도출 방식을 제시해 주세요.",'소스의 종류와 조리법' 쟁점에서 본인의 초기 입장을 뒷받침하는 핵심 근거는 무엇입니까? | 반대 의견 중 수용할 수 있는 부분과 수용하기 어려운 부분은 무엇입니까? | 논의가 감정적 대립으로 흐를 때 어떻게 조정하시겠습니까?,입장발표 근거 | 경청과 상호작용 | 갈등 조정 | 최종 합의안 도출 | 농후제의 종류와 특성 적용 근거 | 냉장·냉동고 관리 능력 적용 근거,소스의 종류와 조리법 | 농후제의 종류와 특성 | 냉장·냉동고 관리 능력,3,1.0,True,
303014,303014_1_2. NCS기반 직무설명자료(식당파트타임).pdf,중식조리,중식조리,303014_1_2. NCS기반 직무설명자료(식당파트타임).pdf,5,인바스켓면접,중식 절임·무침조리,1301010302_21v4,template_fallback,,,,False,no_model_question,"[인바스켓과제] 제한시간 30분 안에 중식조리 세분류의 중식 절임·무침조리 관련 식재료 재고표, 위생점검 요청, 고객 불만 접수, 조리 일정 변경 문서가 동시에 들어왔습니다. '소요량 예측 능력'을 기준으로 처리 우선순위와 상급자 보고, 위임, 직접처리 판단 및 첫 15분 행동을 제시해 주세요.","'소요량 예측 능력' 기준으로 여러 문서와 요청을 어떻게 분류하겠습니까? | 가장 먼저 처리할 항목과 보류할 항목을 각각 무엇으로 보겠습니까? | 조리장, 홀 담당자, 위생 담당자, 고객 중 누구에게 보고, 위임, 직접 처리할지 어떻게 선택하겠습니까?",우선순위 판단 | 문서·요청 분류 | 보고·위임·직접처리 판단 | 시간관리 | 곁들임 메뉴 구성 적용 근거 | 무침 양념의 선택 능력 적용 근거,소요량 예측 능력 | 곁들임 메뉴 구성 | 무침 양념의 선택 능력,3,1.0,True,
303014,303014_1_2. NCS기반 직무설명자료(식당파트타임).pdf,일식조리,일식조리,303014_1_2. NCS기반 직무설명자료(식당파트타임).pdf,6,직무지식면접,일식 초회조리,1301010402_21v4,template_fallback,,,,False,no_model_question,"일식조리 세분류의 일식 초회조리에서 '생선, 어패류, 채소류 특성'과 관련해 확인해야 할 절차, 기준, 관련 근거, 산출물을 설명하고 실제 업무에 적용할 때의 예외상황, 품질 점검 방법, 오류 예방 유의점을 말씀해 주세요.","'생선, 어패류, 채소류 특성'과 관련해 반드시 확인해야 할 기준이나 규정은 무엇입니까? | 그 기준을 실제 업무에 적용할 때 자주 발생하는 예외상황은 무엇입니까? | 관련 산출물의 품질을 어떻게 점검하겠습니까?","절차·기준 이해 | 직무지식 적용 | 예외상황 판단 | 산출물 품질 | 생선, 어패류, 채소류 특성 적용 근거 | 생선, 어패류, 채소류 기초손질능력 적용 근거","생선, 어패류, 채소류 특성 | 생선, 어패류, 채소류 기초손질능력 | 반복 훈련 태도",3,1.0,True,
303013,303013_1_260723 [안산병원] 청년(체험형)인턴_장애전형 직무기술서.hwp,병원행정,병원행정,303013_1_260723 [안산병원] 청년(체험형)인턴_장애전형 직무기술서.hwp,1,경험면접,병원경영기획,0601020103_13v1,template_fallback,,,,False,no_model_question,"병원행정 세분류의 병원경영기획 수행 과정에서 '미션/비전에 관한 지식'을 적용해 문제를 해결하거나 성과를 낸 경험을 말씀해 주세요. 당시 상황과 과제, 본인 역할, 선택한 행동, 결과 지표와 학습을 포함해 설명해 주세요.",당시 상황과 본인이 맡은 역할을 구체적으로 설명해 주세요. | '미션/비전에 관한 지식'을 적용하기 위해 실제로 취한 행동은 무엇이었습니까? | 다른 선택지와 비교해 그 행동을 선택한 기준은 무엇이었습니까?,구체적 상황 설명 | 본인 역할과 행동 | 판단 근거와 협업 | 결과 지표와 학습 | 미션/비전에 관한 지식 적용 근거 | 수요 및 추세분석 기술 적용 근거,미션/비전에 관한 지식 | 수요 및 추세분석 기술 | 비전 수립을 위한 전략적 사고 태도,3,1.0,True,
303013,303013_1_260723 [안산병원] 청년(체험형)인턴_장애전형 직무기술서.hwp,병원행정,병원행정,303013_1_260723 [안산병원] 청년(체험형)인턴_장애전형 직무기술서.hwp,2,상황면접,병원구매관리,0601020104_13v1,template_fallback,,,,False,no_model_question,"병원행정 세분류의 병원구매관리 업무 중 '재고현황 파악 능력'과 관련해 환자·근로자 문의 증가, 교육 일정 변경, 건강정보 기록 오류가 동시에 발생한 상황입니다. 어떤 기준으로 판단하고 위험요인을 어떻게 통제하며, 사실 확인부터 보고와 실행까지 어떤 순서로 행동하시겠습니까?","판단 전에 먼저 확인해야 할 사실과 기준은 무엇입니까? | '재고현황 파악 능력'과 관련해 그 행동을 선택한 이유와 예상되는 위험요인은 무엇입니까? | 대상자, 의료진, 안전보건 담당자, 부서 관리자 등 이해관계자에게 어떤 순서와 방식으로 설명하시겠습니까?",핵심 사실 확인 | 판단 기준 | 행동 순서와 첫 조치 | 위험요인 인식 | 의약품에 관한 지식 적용 근거 | 재고현황 파악 능력 적용 근거,재고현황 파악 능력 | 의약품에 관한 지식 | 정확한 재고관리 태도,3,1.0,True,
303013,303013_1_260723 [안산병원] 청년(체험형)인턴_장애전형 직무기술서.hwp,병원행정,병원행정,303013_1_260723 [안산병원] 청년(체험형)인턴_장애전형 직무기술서.hwp,3,발표면접,병원경영평가,0601020107_13v1,template_fallback,,,,False,no_model_question,"[발표과제] 병원행정 세분류의 병원경영평가 업무에서 '정확한 감사내용 분석 태도'와 관련된 환자 안내 기록, 보건교육 계획서, 건강상담 기록, 안전보건 점검 결과가 주어졌다고 가정하고 준비시간 20분 후 현황 문제를 진단하고 개선안을 5분 발표해 주세요. 발표에는 현황 진단, 원인 분석, 대안 2가지, 실행 우선순위, 성과지표, 5분 질의응답 답변을 포함하세요 (병원경영평가란 병원경영의 실태 등을 조사해 결손부분을 배재하고 적정화대책을 세울 수 있는 능력이다.).",'정확한 감사내용 분석 태도' 쟁점을 발표에서 진단할 때 핵심 근거 자료는 무엇입니까? | 대안 중 우선순위를 가장 높게 둔 방안과 그 이유는 무엇입니까? | 면접위원이 반대 의견을 제시한다면 어떤 근거로 답변하시겠습니까?,자료 분석력 | 논리적 구조화 | 대안의 실행가능성 | 실행계획 구체성 | 세무 및 회계 관련 지식 적용 근거 | 감사수행능력 적용 근거,정확한 감사내용 분석 태도 | 세무 및 회계 관련 지식 | 감사수행능력,3,1.0,True,
303013,303013_1_260723 [안산병원] 청년(체험형)인턴_장애전형 직무기술서.hwp,병원행정,병원행정,303013_1_260723 [안산병원] 청년(체험형)인턴_장애전형 직무기술서.hwp,4,토론면접,외래원무관리,0601020108_22v3,template_fallback,,,,False,no_model_question,"[토론과제] 병원행정 세분류의 외래원무관리 업무에서 '진료과목 특성' 관련 건강·안전 기준을 엄격히 적용하는 입장과 현장 수용성·업무 연속성을 우선하는 입장이 충돌합니다. 토론시간 20분 동안 1분 입장발표 후 반대 의견의 타당한 부분을 확인하고, 본인의 초기 입장과 근거, 쟁점 조정 방식, 최종 합의안 도출 방식을 제시해 주세요.",'진료과목 특성' 쟁점에서 본인의 초기 입장을 뒷받침하는 핵심 근거는 무엇입니까? | 반대 의견 중 수용할 수 있는 부분과 수용하기 어려운 부분은 무엇입니까? | 논의가 감정적 대립으로 흐를 때 어떻게 조정하시겠습니까?,입장발표 근거 | 경청과 상호작용 | 갈등 조정 | 최종 합의안 도출 | 초·재진 및 급여유형 적용 근거 | 처방전달시스템(OCS) 사용능력 적용 근거,진료과목 특성 | 초·재진 및 급여유형 | 처방전달시스템(OCS) 사용능력,3,1.0,True,
303013,303013_1_260723 [안산병원] 청년(체험형)인턴_장애전형 직무기술서.hwp,병원행정,병원행정,303013_1_260723 [안산병원] 청년(체험형)인턴_장애전형 직무기술서.hwp,5,인바스켓면접,입퇴원원무관리,0601020109_16v2,template_fallback,,,,False,no_model_question,"[인바스켓과제] 제한시간 30분 안에 병원행정 세분류의 입퇴원원무관리 관련 교육 일정표, 상담 기록지, 점검 요청 문서, 긴급 안내 요청이 동시에 들어왔습니다. '신속한 행정처리 수행 태도'를 기준으로 처리 우선순위와 상급자 보고, 위임, 직접처리 판단 및 첫 15분 행동을 제시해 주세요.","'신속한 행정처리 수행 태도' 기준으로 여러 문서와 요청을 어떻게 분류하겠습니까? | 가장 먼저 처리할 항목과 보류할 항목을 각각 무엇으로 보겠습니까? | 요청 부서, 결재권자, 협업 담당자, 외부 관계자 중 누구에게 보고, 위임, 직접 처리할지 어떻게 선택하겠습니까?",우선순위 판단 | 문서·요청 분류 | 보고·위임·직접처리 판단 | 시간관리 | 급여유형에 대한 지식 적용 근거 | 처방전달시스템(OCS) 사용능력 적용 근거,신속한 행정처리 수행 태도 | 급여유형에 대한 지식 | 처방전달시스템(OCS) 사용능력,3,1.0,True,
303013,303013_1_260723 [안산병원] 청년(체험형)인턴_장애전형 직무기술서.hwp,병원행정,병원행정,303013_1_260723 [안산병원] 청년(체험형)인턴_장애전형 직무기술서.hwp,6,직무지식면접,진료비관리,0601020110_16v2,template_fallback,,,,False,no_model_question,"병원행정 세분류의 진료비관리에서 '보험급여 유형에 따른 급여기준에 대한 지식'과 관련해 확인해야 할 절차, 기준, 관련 근거, 산출물을 설명하고 실제 업무에 적용할 때의 예외상황, 품질 점검 방법, 오류 예방 유의점을 말씀해 주세요.",'보험급여 유형에 따른 급여기준에 대한 지식'과 관련해 반드시 확인해야 할 기준이나 규정은 무엇입니까? | 그 기준을 실제 업무에 적용할 때 자주 발생하는 예외상황은 무엇입니까? | 관련 산출물의 품질을 어떻게 점검하겠습니까?,절차·기준 이해 | 직무지식 적용 | 예외상황 판단 | 산출물 품질 | 보험급여 유형에 따른 급여기준에 대한 지식 적용 근거 | 의무기록을 읽고 이해하는 능력 적용 근거,보험급여 유형에 따른 급여기준에 대한 지식 | 의무기록을 읽고 이해하는 능력 | 신속한 진료비 계산 태도,3,1.0,True,
303012,303012_1_NCS 기반 채용 직무 설명자료.hwp,유원시설운영관리,유원시설운영관리,303012_1_NCS 기반 채용 직무 설명자료.hwp,1,경험면접,유원시설 기획,1203040401_16v2,template_fallback,,,,False,no_model_question,"유원시설운영관리 세분류의 유원시설 기획 수행 과정에서 '소비자조사 분석지식'을 적용해 문제를 해결하거나 성과를 낸 경험을 말씀해 주세요. 당시 상황과 과제, 본인 역할, 선택한 행동, 결과 지표와 학습을 포함해 설명해 주세요.",당시 상황과 본인이 맡은 역할을 구체적으로 설명해 주세요. | '소비자조사 분석지식'을 적용하기 위해 실제로 취한 행동은 무엇이었습니까? | 다른 선택지와 비교해 그 행동을 선택한 기준은 무엇이었습니까?,구체적 상황 설명 | 본인 역할과 행동 | 판단 근거와 협업 | 결과 지표와 학습 | 소비자조사 분석지식 적용 근거 | 트렌드 조사 능력 적용 근거,소비자조사 분석지식 | 트렌드 조사 능력 | 고객의 유원시설 이용 욕구 수용,3,1.0,True,
303012,303012_1_NCS 기반 채용 직무 설명자료.hwp,유원시설운영관리,유원시설운영관리,303012_1_NCS 기반 채용 직무 설명자료.hwp,2,상황면접,어트랙션 운영 관리,1203040403_16v2,template_fallback,,,,False,no_model_question,"유원시설운영관리 세분류의 어트랙션 운영 관리 업무 중 '어트랙션 운영 및 관리 능력'과 관련해 예약 변경, 시설 점검 지연, 이용객 안전 안내 필요 상황이 동시에 발생한 상황입니다. 어떤 기준으로 판단하고 위험요인을 어떻게 통제하며, 사실 확인부터 보고와 실행까지 어떤 순서로 행동하시겠습니까?","판단 전에 먼저 확인해야 할 사실과 기준은 무엇입니까? | '어트랙션 운영 및 관리 능력'과 관련해 그 행동을 선택한 이유와 예상되는 위험요인은 무엇입니까? | 이용객, 프론트 담당자, 현장 운영자, 시설 담당자, 안전 담당자 등 이해관계자에게 어떤 순서와 방식으로 설명하시겠습니까?",핵심 사실 확인 | 판단 기준 | 행동 순서와 첫 조치 | 위험요인 인식 | 어트랙션의 제원 적용 근거 | 어트랙션 운영 및 관리 능력 적용 근거,어트랙션 운영 및 관리 능력 | 어트랙션의 제원 | 안전사항의 철저한 준수의지,3,1.0,True,
303012,303012_1_NCS 기반 채용 직무 설명자료.hwp,유원시설운영관리,유원시설운영관리,303012_1_NCS 기반 채용 직무 설명자료.hwp,3,발표면접,유원시설 시설 관리,1203040408_16v2,template_fallback,,,,False,no_model_question,"[발표과제] 유원시설운영관리 세분류의 유원시설 시설 관리 업무에서 '건물관리와 상호 관련성 있는 비즈니스 기술 수용'과 관련된 예약·운영 현황, 시설 점검표, 안전관리 기록, 이용객 민원 내역이 주어졌다고 가정하고 준비시간 20분 후 현황 문제를 진단하고 개선안을 5분 발표해 주세요. 발표에는 현황 진단, 원인 분석, 대안 2가지, 실행 우선순위, 성과지표, 5분 질의응답 답변을 포함하세요 (유원시설 시설 관리란 고객에게 지속적이고 안정적인 서비스를 제공하기 위하여 유원시설의 건물관리, 어트랙션 정비 관리, 안전관리).",'건물관리와 상호 관련성 있는 비즈니스 기술 수용' 쟁점을 발표에서 진단할 때 핵심 근거 자료는 무엇입니까? | 대안 중 우선순위를 가장 높게 둔 방안과 그 이유는 무엇입니까? | 면접위원이 반대 의견을 제시한다면 어떤 근거로 답변하시겠습니까?,자료 분석력 | 논리적 구조화 | 대안의 실행가능성 | 실행계획 구체성 | 자동제어 시스템 유지보수 업무 지식 적용 근거 | 건축물 영선장비 관리 능력 적용 근거,건물관리와 상호 관련성 있는 비즈니스 기술 수용 | 자동제어 시스템 유지보수 업무 지식 | 건축물 영선장비 관리 능력,3,1.0,True,
303012,303012_1_NCS 기반 채용 직무 설명자료.hwp,객실관리,객실관리,303012_1_NCS 기반 채용 직무 설명자료.hwp,4,토론면접,객실 예약 관리,1203020201_24v3,template_fallback,,,,False,no_model_question,"[토론과제] 객실관리 세분류의 객실 예약 관리 업무에서 '객실 상품 요금제도' 관련 고객 안전·서비스 기준을 강화하는 입장과 회전율·운영 효율을 우선하는 입장이 충돌합니다. 토론시간 20분 동안 1분 입장발표 후 반대 의견의 타당한 부분을 확인하고, 본인의 초기 입장과 근거, 쟁점 조정 방식, 최종 합의안 도출 방식을 제시해 주세요.",'객실 상품 요금제도' 쟁점에서 본인의 초기 입장을 뒷받침하는 핵심 근거는 무엇입니까? | 반대 의견 중 수용할 수 있는 부분과 수용하기 어려운 부분은 무엇입니까? | 논의가 감정적 대립으로 흐를 때 어떻게 조정하시겠습니까?,입장발표 근거 | 경청과 상호작용 | 갈등 조정 | 최종 합의안 도출 | 객실 상품 지식 적용 근거 | 호텔 객실 운영 시스템 (PMS) 적용 근거,객실 상품 요금제도 | 객실 상품 지식 | 호텔 객실 운영 시스템 (PMS),3,1.0,True,
303012,303012_1_NCS 기반 채용 직무 설명자료.hwp,객실관리,객실관리,303012_1_NCS 기반 채용 직무 설명자료.hwp,5,인바스켓면접,체크 인(Check In),1203020202_24v2,template_fallback,,,,False,no_model_question,"[인바스켓과제] 제한시간 30분 안에 객실관리 세분류의 체크 인(Check In) 관련 예약 현황표, 시설 점검 요청, 이용객 민원, 안전 안내 문서가 동시에 들어왔습니다. '객실 배정 능력'을 기준으로 처리 우선순위와 상급자 보고, 위임, 직접처리 판단 및 첫 15분 행동을 제시해 주세요.","'객실 배정 능력' 기준으로 여러 문서와 요청을 어떻게 분류하겠습니까? | 가장 먼저 처리할 항목과 보류할 항목을 각각 무엇으로 보겠습니까? | 이용객, 프론트 담당자, 현장 운영자, 시설 담당자, 안전 담당자 중 누구에게 보고, 위임, 직접 처리할지 어떻게 선택하겠습니까?",우선순위 판단 | 문서·요청 분류 | 보고·위임·직접처리 판단 | 시간관리 | 객실 투숙객 등록카드 작성 방법 적용 근거 | 호텔 객실 운영 시스템 (PMS) 운영 능력 적용 근거,객실 배정 능력 | 객실 투숙객 등록카드 작성 방법 | 호텔 객실 운영 시스템 (PMS) 운영 능력,3,1.0,True,
303012,303012_1_NCS 기반 채용 직무 설명자료.hwp,객실관리,객실관리,303012_1_NCS 기반 채용 직무 설명자료.hwp,6,직무지식면접,재실(In-house)고객 관리,1203020203_24v3,template_fallback,,,,False,no_model_question,"객실관리 세분류의 재실(In-house)고객 관리에서 '고객 요청 사항에 대한 처리 방법'과 관련해 확인해야 할 절차, 기준, 관련 근거, 산출물을 설명하고 실제 업무에 적용할 때의 예외상황, 품질 점검 방법, 오류 예방 유의점을 말씀해 주세요.",'고객 요청 사항에 대한 처리 방법'과 관련해 반드시 확인해야 할 기준이나 규정은 무엇입니까? | 그 기준을 실제 업무에 적용할 때 자주 발생하는 예외상황은 무엇입니까? | 관련 산출물의 품질을 어떻게 점검하겠습니까?,절차·기준 이해 | 직무지식 적용 | 예외상황 판단 | 산출물 품질 | 고객 요청 사항에 대한 처리 방법 적용 근거 | 호텔 객실 운영 시스템 (PMS) 활용 능력 적용 근거,고객 요청 사항에 대한 처리 방법 | 호텔 객실 운영 시스템 (PMS) 활용 능력 | 고객 요구 사항을 경청하려는 자세,3,1.0,True,
303010,303010_1_(직무기술서)보령권지사 장항물재생센터 단기계약근로자(하수도 시설운영 지원) 채용(휴직 대체인력).pdf,하수처리시설운영관리,하수처리시설운영관리,303010_1_(직무기술서)보령권지사 장항물재생센터 단기계약근로자(하수도 시설운영 지원) 채용(휴직 대체인력).pdf,1,경험면접,하수처리 기계설비 관리,2301010705_23v1,template_fallback,,,,False,no_model_question,"하수처리시설운영관리 세분류의 하수처리 기계설비 관리 수행 과정에서 '하수도법'을 적용해 문제를 해결하거나 성과를 낸 경험을 말씀해 주세요. 당시 상황과 과제, 본인 역할, 선택한 행동, 결과 지표와 학습을 포함해 설명해 주세요.",당시 상황과 본인이 맡은 역할을 구체적으로 설명해 주세요. | '하수도법'을 적용하기 위해 실제로 취한 행동은 무엇이었습니까? | 다른 선택지와 비교해 그 행동을 선택한 기준은 무엇이었습니까?,구체적 상황 설명 | 본인 역할과 행동 | 판단 근거와 협업 | 결과 지표와 학습 | 하수도법 적용 근거 | 단위공정별 처리성능 분석 능력 적용 근거,하수도법 | 단위공정별 처리성능 분석 능력 | 하수처리 목표에 부합하려는 기계설비 운영 의지,3,1.0,True,
303010,303010_1_(직무기술서)보령권지사 장항물재생센터 단기계약근로자(하수도 시설운영 지원) 채용(휴직 대체인력).pdf,하수처리시설운영관리,하수처리시설운영관리,303010_1_(직무기술서)보령권지사 장항물재생센터 단기계약근로자(하수도 시설운영 지원) 채용(휴직 대체인력).pdf,2,상황면접,하수처리 전기설비 관리,2301010706_23v1,template_fallback,,,,False,no_model_question,"하수처리시설운영관리 세분류의 하수처리 전기설비 관리 업무 중 '관련 법령과 지침, 기준을 활용하여 계획을 수립하는 능력'과 관련해 수질 경보, 계측기 이상값, 현장 작업 일정 충돌이 동시에 발생한 상황입니다. 어떤 기준으로 판단하고 위험요인을 어떻게 통제하며, 사실 확인부터 보고와 실행까지 어떤 순서로 행동하시겠습니까?","판단 전에 먼저 확인해야 할 사실과 기준은 무엇입니까? | '관련 법령과 지침, 기준을 활용하여 계획을 수립하는 능력'과 관련해 그 행동을 선택한 이유와 예상되는 위험요인은 무엇입니까? | 주민, 관제실, 수질 담당자, 현장 작업자, 지자체, 감독기관 등 이해관계자에게 어떤 순서와 방식으로 설명하시겠습니까?","핵심 사실 확인 | 판단 기준 | 행동 순서와 첫 조치 | 위험요인 인식 | 전기 관련 법령과 규정 적용 근거 | 관련 법령과 지침, 기준을 활용하여 계획을 수립하는 능력 적용 근거","관련 법령과 지침, 기준을 활용하여 계획을 수립하는 능력 | 전기 관련 법령과 규정 | 계획 수립의 적정성을 확보하기 위한 노력",3,1.0,True,
303010,303010_1_(직무기술서)보령권지사 장항물재생센터 단기계약근로자(하수도 시설운영 지원) 채용(휴직 대체인력).pdf,하수처리시설운영관리,하수처리시설운영관리,303010_1_(직무기술서)보령권지사 장항물재생센터 단기계약근로자(하수도 시설운영 지원) 채용(휴직 대체인력).pdf,3,발표면접,하수처리 계측제어설비 관리,2301010707_23v1,template_fallback,,,,False,no_model_question,"[발표과제] 하수처리시설운영관리 세분류의 하수처리 계측제어설비 관리 업무에서 '관련 법령과 지침, 기준 준수'와 관련된 수질측정값, 설비 운전 로그, 관망도, 유량·수압 기록, 안전점검표가 주어졌다고 가정하고 준비시간 20분 후 현황 문제를 진단하고 개선안을 5분 발표해 주세요. 발표에는 현황 진단, 원인 분석, 대안 2가지, 실행 우선순위, 성과지표, 5분 질의응답 답변을 포함하세요 (하수처리 계측제어설비 관리란 하수처리공정에서 요구하는 기능에 부합하도록 계측제어설비를 운전·조작하여 안정적으로 운영·관리하는).","'관련 법령과 지침, 기준 준수' 쟁점을 발표에서 진단할 때 핵심 근거 자료는 무엇입니까? | 대안 중 우선순위를 가장 높게 둔 방안과 그 이유는 무엇입니까? | 면접위원이 반대 의견을 제시한다면 어떤 근거로 답변하시겠습니까?",자료 분석력 | 논리적 구조화 | 대안의 실행가능성 | 실행계획 구체성 | 환경분야 시험·검사 등에 관한 법률 적용 근거 | 계측제어설비 도서·도면 해석 능력 적용 근거,"관련 법령과 지침, 기준 준수 | 환경분야 시험·검사 등에 관한 법률 | 계측제어설비 도서·도면 해석 능력",3,1.0,True,
303010,303010_1_(직무기술서)보령권지사 장항물재생센터 단기계약근로자(하수도 시설운영 지원) 채용(휴직 대체인력).pdf,하수처리시설운영관리,하수처리시설운영관리,303010_1_(직무기술서)보령권지사 장항물재생센터 단기계약근로자(하수도 시설운영 지원) 채용(휴직 대체인력).pdf,4,토론면접,하수처리시설 안전·재해 관리,2301010708_23v1,template_fallback,,,,False,no_model_question,"[토론과제] 하수처리시설운영관리 세분류의 하수처리시설 안전·재해 관리 업무에서 '중대재해처벌법' 관련 수질·안전 기준을 보수적으로 적용하는 입장과 처리 효율·주민 불편 최소화를 우선하는 입장이 충돌합니다. 토론시간 20분 동안 1분 입장발표 후 반대 의견의 타당한 부분을 확인하고, 본인의 초기 입장과 근거, 쟁점 조정 방식, 최종 합의안 도출 방식을 제시해 주세요.",'중대재해처벌법' 쟁점에서 본인의 초기 입장을 뒷받침하는 핵심 근거는 무엇입니까? | 반대 의견 중 수용할 수 있는 부분과 수용하기 어려운 부분은 무엇입니까? | 논의가 감정적 대립으로 흐를 때 어떻게 조정하시겠습니까?,입장발표 근거 | 경청과 상호작용 | 갈등 조정 | 최종 합의안 도출 | 산업안전보건법 적용 근거 | 시설물별 안전관리방안 수립 능력 적용 근거,중대재해처벌법 | 산업안전보건법 | 시설물별 안전관리방안 수립 능력,3,1.0,True,
303010,303010_1_(직무기술서)보령권지사 장항물재생센터 단기계약근로자(하수도 시설운영 지원) 채용(휴직 대체인력).pdf,하수처리시설운영관리,하수처리시설운영관리,303010_1_(직무기술서)보령권지사 장항물재생센터 단기계약근로자(하수도 시설운영 지원) 채용(휴직 대체인력).pdf,5,인바스켓면접,하수처리시설운영관리 계획 수립,2301010701_23v1,template_fallback,,,,False,no_model_question,"[인바스켓과제] 제한시간 30분 안에 하수처리시설운영관리 세분류의 하수처리시설운영관리 계획 수립 관련 약품투입 기록 정정 요청, 계측기 교정 요청, 누수 신고, 법정보고자료 제출 문서가 동시에 들어왔습니다. '업무를 배분하고 인력을 배치하는 능력'을 기준으로 처리 우선순위와 상급자 보고, 위임, 직접처리 판단 및 첫 15분 행동을 제시해 주세요.","'업무를 배분하고 인력을 배치하는 능력' 기준으로 여러 문서와 요청을 어떻게 분류하겠습니까? | 가장 먼저 처리할 항목과 보류할 항목을 각각 무엇으로 보겠습니까? | 주민, 관제실, 수질 담당자, 현장 작업자, 지자체, 감독기관 중 누구에게 보고, 위임, 직접 처리할지 어떻게 선택하겠습니까?","우선순위 판단 | 문서·요청 분류 | 보고·위임·직접처리 판단 | 시간관리 | 공공하수도 설치·관리와 공공수역 물 환경 보전 관련 법령 적용 근거 | 관련 법령과 지침, 기준을 활용하는 능력 적용 근거","업무를 배분하고 인력을 배치하는 능력 | 공공하수도 설치·관리와 공공수역 물 환경 보전 관련 법령 | 관련 법령과 지침, 기준을 활용하는 능력",3,1.0,True,
303010,303010_1_(직무기술서)보령권지사 장항물재생센터 단기계약근로자(하수도 시설운영 지원) 채용(휴직 대체인력).pdf,하수처리시설운영관리,하수처리시설운영관리,303010_1_(직무기술서)보령권지사 장항물재생센터 단기계약근로자(하수도 시설운영 지원) 채용(휴직 대체인력).pdf,6,직무지식면접,하수처리공정 운영관리,2301010702_23v1,template_fallback,,,,False,no_model_question,"하수처리시설운영관리 세분류의 하수처리공정 운영관리에서 '물환경보전법'과 관련해 확인해야 할 절차, 기준, 관련 근거, 산출물을 설명하고 실제 업무에 적용할 때의 예외상황, 품질 점검 방법, 오류 예방 유의점을 말씀해 주세요.",'물환경보전법'과 관련해 반드시 확인해야 할 기준이나 규정은 무엇입니까? | 그 기준을 실제 업무에 적용할 때 자주 발생하는 예외상황은 무엇입니까? | 관련 산출물의 품질을 어떻게 점검하겠습니까?,절차·기준 이해 | 직무지식 적용 | 예외상황 판단 | 산출물 품질 | 물환경보전법 적용 근거 | 조사 자료의 분석 능력 적용 근거,물환경보전법 | 조사 자료의 분석 능력 | 유량과 수질 자료의 철저한 품질관리 노력,3,1.0,True,
303004,303004_1_직무기술서(정비보조).hwp,화력발전설비운영,화력발전설비운영,303004_1_직무기술서(정비보조).hwp,1,경험면접,화력발전설비 인수,1901020201_24v3,template_fallback,,,,False,no_model_question,"화력발전설비운영 세분류의 화력발전설비 인수 수행 과정에서 '시스템 별 기능, 성능'을 적용해 문제를 해결하거나 성과를 낸 경험을 말씀해 주세요. 당시 상황과 과제, 본인 역할, 선택한 행동, 결과 지표와 학습을 포함해 설명해 주세요.","당시 상황과 본인이 맡은 역할을 구체적으로 설명해 주세요. | '시스템 별 기능, 성능'을 적용하기 위해 실제로 취한 행동은 무엇이었습니까? | 다른 선택지와 비교해 그 행동을 선택한 기준은 무엇이었습니까?","구체적 상황 설명 | 본인 역할과 행동 | 판단 근거와 협업 | 결과 지표와 학습 | 시스템 별 기능, 성능 적용 근거 | 기술규격 검토 능력 적용 근거","시스템 별 기능, 성능 | 기술규격 검토 능력 | 기술기준 준수",3,1.0,True,
303004,303004_1_직무기술서(정비보조).hwp,화력발전설비운영,화력발전설비운영,303004_1_직무기술서(정비보조).hwp,2,상황면접,화력발전 보조설비운전,1901020203_24v4,template_fallback,,,,False,no_model_question,"화력발전설비운영 세분류의 화력발전 보조설비운전 업무 중 '단위기기별 조작 기술'과 관련해 설비 이상 징후, 절차서와 현장 상태 불일치, 환경·안전 기준 접근이 동시에 발생한 상황입니다. 어떤 기준으로 판단하고 위험요인을 어떻게 통제하며, 사실 확인부터 보고와 실행까지 어떤 순서로 행동하시겠습니까?","판단 전에 먼저 확인해야 할 사실과 기준은 무엇입니까? | '단위기기별 조작 기술'과 관련해 그 행동을 선택한 이유와 예상되는 위험요인은 무엇입니까? | 운전원, 정비팀, 안전품질팀, 환경팀, 규제기관, 현업부서 등 이해관계자에게 어떤 순서와 방식으로 설명하시겠습니까?","핵심 사실 확인 | 판단 기준 | 행동 순서와 첫 조치 | 위험요인 인식 | 단위설비 기능과 특성(주냉각수계통, 보조냉각수계통, 복수계통, 급수계통, 발전기와 부속설비) 적용 근거 | 단위기기별 조작 기술 적용 근거","단위기기별 조작 기술 | 단위설비 기능과 특성(주냉각수계통, 보조냉각수계통, 복수계통, 급수계통, 발전기와 부속설비) | 타 부서와의 협조적 자세",3,1.0,True,
303004,303004_1_직무기술서(정비보조).hwp,화력발전설비운영,화력발전설비운영,303004_1_직무기술서(정비보조).hwp,3,발표면접,화력발전 환경설비운전,1901020204_14v2,template_fallback,,,,False,no_model_question,"[발표과제] 화력발전설비운영 세분류의 화력발전 환경설비운전 업무에서 '환경오염 최소화 의식'과 관련된 운전일지, 설비 알람 로그, 정비이력, 절차서, 작업허가서, 장애 티켓이 주어졌다고 가정하고 준비시간 20분 후 현황 문제를 진단하고 개선안을 5분 발표해 주세요. 발표에는 현황 진단, 원인 분석, 대안 2가지, 실행 우선순위, 성과지표, 5분 질의응답 답변을 포함하세요 (화력발전 환경설비운전이란 발전설비의 운영에 따른 환경오염을 방지하기 위해 시설된 탈황설비, 탈질설비, 집진설비와 폐수처리설비의).",'환경오염 최소화 의식' 쟁점을 발표에서 진단할 때 핵심 근거 자료는 무엇입니까? | 대안 중 우선순위를 가장 높게 둔 방안과 그 이유는 무엇입니까? | 면접위원이 반대 의견을 제시한다면 어떤 근거로 답변하시겠습니까?,자료 분석력 | 논리적 구조화 | 대안의 실행가능성 | 실행계획 구체성 | 대기환경보전법령 적용 근거 | 환경 규제치 확인과 운전 능력 적용 근거,환경오염 최소화 의식 | 대기환경보전법령 | 환경 규제치 확인과 운전 능력,3,1.0,True,
303004,303004_1_직무기술서(정비보조).hwp,화력발전설비운영,화력발전설비운영,303004_1_직무기술서(정비보조).hwp,4,토론면접,화력발전 전기제어설비운전,1901020205_14v2,template_fallback,,,,False,no_model_question,"[토론과제] 화력발전설비운영 세분류의 화력발전 전기제어설비운전 업무에서 '각 기기별 보호계전기 작동원리와 설정 기준' 관련 안전보수성을 우선하는 입장과 가동률·사업 일정 준수를 우선하는 입장이 충돌합니다. 토론시간 20분 동안 1분 입장발표 후 반대 의견의 타당한 부분을 확인하고, 본인의 초기 입장과 근거, 쟁점 조정 방식, 최종 합의안 도출 방식을 제시해 주세요.",'각 기기별 보호계전기 작동원리와 설정 기준' 쟁점에서 본인의 초기 입장을 뒷받침하는 핵심 근거는 무엇입니까? | 반대 의견 중 수용할 수 있는 부분과 수용하기 어려운 부분은 무엇입니까? | 논의가 감정적 대립으로 흐를 때 어떻게 조정하시겠습니까?,"입장발표 근거 | 경청과 상호작용 | 갈등 조정 | 최종 합의안 도출 | 소내전원계통 단선도, 보호장치의 기능과 특성 적용 근거 | 소내 전기설비 조작 기술 적용 근거","각 기기별 보호계전기 작동원리와 설정 기준 | 소내전원계통 단선도, 보호장치의 기능과 특성 | 소내 전기설비 조작 기술",3,1.0,True,
303004,303004_1_직무기술서(정비보조).hwp,화력발전설비운영,화력발전설비운영,303004_1_직무기술서(정비보조).hwp,5,인바스켓면접,화력발전설비 정비관리,1901020206_18v4,template_fallback,,,,False,no_model_question,"[인바스켓과제] 제한시간 30분 안에 화력발전설비운영 세분류의 화력발전설비 정비관리 관련 변경 요청서, 장애 재발 보고, 사용자 문의, 일정 조정 문서가 동시에 들어왔습니다. 'ERP시스템 활용'을 기준으로 처리 우선순위와 상급자 보고, 위임, 직접처리 판단 및 첫 15분 행동을 제시해 주세요.","'ERP시스템 활용' 기준으로 여러 문서와 요청을 어떻게 분류하겠습니까? | 가장 먼저 처리할 항목과 보류할 항목을 각각 무엇으로 보겠습니까? | 현업 부서, IT PM, 개발 담당자, 운영 담당자, 공급업체, 보안 담당자 중 누구에게 보고, 위임, 직접 처리할지 어떻게 선택하겠습니까?","우선순위 판단 | 문서·요청 분류 | 보고·위임·직접처리 판단 | 시간관리 | 주요 기기별 기계적, 전기적 특성 적용 근거 | 기기 이력 작성과 정비 이력 분석 적용 근거","ERP시스템 활용 | 주요 기기별 기계적, 전기적 특성 | 기기 이력 작성과 정비 이력 분석",3,1.0,True,
303004,303004_1_직무기술서(정비보조).hwp,화력발전설비운영,화력발전설비운영,303004_1_직무기술서(정비보조).hwp,6,직무지식면접,화력발전 환경관리,1901020207_14v2,template_fallback,,,,False,no_model_question,"화력발전설비운영 세분류의 화력발전 환경관리에서 '연소이론 관련지식'과 관련해 확인해야 할 절차, 기준, 관련 근거, 산출물을 설명하고 실제 업무에 적용할 때의 예외상황, 품질 점검 방법, 오류 예방 유의점을 말씀해 주세요.",'연소이론 관련지식'과 관련해 반드시 확인해야 할 기준이나 규정은 무엇입니까? | 그 기준을 실제 업무에 적용할 때 자주 발생하는 예외상황은 무엇입니까? | 관련 산출물의 품질을 어떻게 점검하겠습니까?,절차·기준 이해 | 직무지식 적용 | 예외상황 판단 | 산출물 품질 | 연소이론 관련지식 적용 근거 | 대기환경설비 매뉴얼 확인 능력 적용 근거,연소이론 관련지식 | 대기환경설비 매뉴얼 확인 능력 | 대기환경관련 규정 준수,3,1.0,True,
303003,303003_1_2. 직무기술서.pdf,총무,총무,303003_1_2. 직무기술서.pdf,1,경험면접,사업계획수립,0202010101_25v3,template_fallback,,,,False,no_model_question,"총무 세분류의 사업계획수립 수행 과정에서 '산업동향'을 적용해 문제를 해결하거나 성과를 낸 경험을 말씀해 주세요. 당시 상황과 과제, 본인 역할, 선택한 행동, 결과 지표와 학습을 포함해 설명해 주세요.",당시 상황과 본인이 맡은 역할을 구체적으로 설명해 주세요. | '산업동향'을 적용하기 위해 실제로 취한 행동은 무엇이었습니까? | 다른 선택지와 비교해 그 행동을 선택한 기준은 무엇이었습니까?,구체적 상황 설명 | 본인 역할과 행동 | 판단 근거와 협업 | 결과 지표와 학습 | 산업동향 적용 근거 | 정보수집 능력 적용 근거,산업동향 | 관련산업 동향을 파악하려는 자세 | 정보수집 능력,3,1.0,True,
303003,303003_1_2. 직무기술서.pdf,총무,총무,303003_1_2. 직무기술서.pdf,2,상황면접,행사지원관리,0202010102_25v3,template_fallback,,,,False,no_model_question,"총무 세분류의 행사지원관리 업무 중 '행사 진행기술'과 관련해 요구사항 변경, 결재 지연, 문서 기준 불일치가 동시에 발생한 상황입니다. 어떤 기준으로 판단하고 위험요인을 어떻게 통제하며, 사실 확인부터 보고와 실행까지 어떤 순서로 행동하시겠습니까?","판단 전에 먼저 확인해야 할 사실과 기준은 무엇입니까? | '행사 진행기술'과 관련해 그 행동을 선택한 이유와 예상되는 위험요인은 무엇입니까? | 상급자, 협업 부서, 민원인 등 이해관계자에게 어떤 순서와 방식으로 설명하시겠습니까?",핵심 사실 확인 | 판단 기준 | 행동 순서와 첫 조치 | 위험요인 인식 | 행사 기획 적용 근거 | 행사 진행기술 적용 근거,행사 진행기술 | 행사 기획 | 현장 문제를 적극적으로 해결하려는 자세,3,1.0,True,
303003,303003_1_2. 직무기술서.pdf,총무,총무,303003_1_2. 직무기술서.pdf,3,발표면접,부동산관리,0202010103_25v3,template_fallback,,,,False,no_model_question,"[발표과제] 총무 세분류의 부동산관리 업무에서 '분석적으로 사고하려는 의지'와 관련된 요구사항 목록, 결재 문서, 회의록, 일정표, 이해관계자 요청 내역이 주어졌다고 가정하고 준비시간 20분 후 현황 문제를 진단하고 개선안을 5분 발표해 주세요. 발표에는 현황 진단, 원인 분석, 대안 2가지, 실행 우선순위, 성과지표, 5분 질의응답 답변을 포함하세요 (부동산관리란 조직의 원활한 업무수행을 위하여 부동산의 취득, 임차, 처분과 관련된 제반 업무를 수행하는 능력이다.).",'분석적으로 사고하려는 의지' 쟁점을 발표에서 진단할 때 핵심 근거 자료는 무엇입니까? | 대안 중 우선순위를 가장 높게 둔 방안과 그 이유는 무엇입니까? | 면접위원이 반대 의견을 제시한다면 어떤 근거로 답변하시겠습니까?,자료 분석력 | 논리적 구조화 | 대안의 실행가능성 | 실행계획 구체성 | 세법 적용 근거 | 보험 상품 분석 기술 적용 근거,분석적으로 사고하려는 의지 | 세법 | 보험 상품 분석 기술,3,1.0,True,
303003,303003_1_2. 직무기술서.pdf,사무행정,사무행정,303003_1_2. 직무기술서.pdf,4,토론면접,문서 작성,0202030201_22v3,template_fallback,,,,False,no_model_question,"[토론과제] 사무행정 세분류의 문서 작성 업무에서 '문서 작성 절차' 관련 문서·절차 기준을 강화하는 입장과 처리 속도·협업 효율을 우선하는 입장이 충돌합니다. 토론시간 20분 동안 1분 입장발표 후 반대 의견의 타당한 부분을 확인하고, 본인의 초기 입장과 근거, 쟁점 조정 방식, 최종 합의안 도출 방식을 제시해 주세요.",'문서 작성 절차' 쟁점에서 본인의 초기 입장을 뒷받침하는 핵심 근거는 무엇입니까? | 반대 의견 중 수용할 수 있는 부분과 수용하기 어려운 부분은 무엇입니까? | 논의가 감정적 대립으로 흐를 때 어떻게 조정하시겠습니까?,입장발표 근거 | 경청과 상호작용 | 갈등 조정 | 최종 합의안 도출 | 부서의 업무 분장 내용 적용 근거 | 요구사항 분석 능력 적용 근거,문서 작성 절차 | 부서의 업무 분장 내용 | 요구사항 분석 능력,3,1.0,True,
303003,303003_1_2. 직무기술서.pdf,사무행정,사무행정,303003_1_2. 직무기술서.pdf,5,인바스켓면접,문서 관리,0202030202_22v3,template_fallback,,,,False,no_model_question,"[인바스켓과제] 제한시간 30분 안에 사무행정 세분류의 문서 관리 관련 결재 대기 문서, 회의 요청, 요구사항 변경 메일, 마감 임박 업무 목록이 동시에 들어왔습니다. '문서 대장 기록 능력'을 기준으로 처리 우선순위와 상급자 보고, 위임, 직접처리 판단 및 첫 15분 행동을 제시해 주세요.","'문서 대장 기록 능력' 기준으로 여러 문서와 요청을 어떻게 분류하겠습니까? | 가장 먼저 처리할 항목과 보류할 항목을 각각 무엇으로 보겠습니까? | 요청 부서, 결재권자, 협업 담당자, 외부 관계자 중 누구에게 보고, 위임, 직접 처리할지 어떻게 선택하겠습니까?",우선순위 판단 | 문서·요청 분류 | 보고·위임·직접처리 판단 | 시간관리 | 문서 관리 규정 적용 근거 | 문서 분류 능력 적용 근거,문서 대장 기록 능력 | 문서 관리 규정 | 문서 분류 능력,3,1.0,True,
303003,303003_1_2. 직무기술서.pdf,사무행정,사무행정,303003_1_2. 직무기술서.pdf,6,직무지식면접,자료 관리,0202030203_22v4,template_fallback,,,,False,no_model_question,"사무행정 세분류의 자료 관리에서 '부서의 업무 분장'과 관련해 확인해야 할 절차, 기준, 관련 근거, 산출물을 설명하고 실제 업무에 적용할 때의 예외상황, 품질 점검 방법, 오류 예방 유의점을 말씀해 주세요.",'부서의 업무 분장'과 관련해 반드시 확인해야 할 기준이나 규정은 무엇입니까? | 그 기준을 실제 업무에 적용할 때 자주 발생하는 예외상황은 무엇입니까? | 관련 산출물의 품질을 어떻게 점검하겠습니까?,절차·기준 이해 | 직무지식 적용 | 예외상황 판단 | 산출물 품질 | 부서의 업무 분장 적용 근거 | 자료 수집 저장 능력 적용 근거,부서의 업무 분장 | 자료 수집 저장 능력 | 업무 특성을 파악하는 자세,3,1.0,True,
303002,303002_1_2. 직무기술서.pdf,총무,총무,303002_1_2. 직무기술서.pdf,1,경험면접,사업계획수립,0202010101_25v3,template_fallback,,,,False,no_model_question,"총무 세분류의 사업계획수립 수행 과정에서 '산업동향'을 적용해 문제를 해결하거나 성과를 낸 경험을 말씀해 주세요. 당시 상황과 과제, 본인 역할, 선택한 행동, 결과 지표와 학습을 포함해 설명해 주세요.",당시 상황과 본인이 맡은 역할을 구체적으로 설명해 주세요. | '산업동향'을 적용하기 위해 실제로 취한 행동은 무엇이었습니까? | 다른 선택지와 비교해 그 행동을 선택한 기준은 무엇이었습니까?,구체적 상황 설명 | 본인 역할과 행동 | 판단 근거와 협업 | 결과 지표와 학습 | 산업동향 적용 근거 | 정보수집 능력 적용 근거,산업동향 | 관련산업 동향을 파악하려는 자세 | 정보수집 능력,3,1.0,True,
303002,303002_1_2. 직무기술서.pdf,총무,총무,303002_1_2. 직무기술서.pdf,2,상황면접,행사지원관리,0202010102_25v3,template_fallback,,,,False,no_model_question,"총무 세분류의 행사지원관리 업무 중 '행사 진행기술'과 관련해 요구사항 변경, 결재 지연, 문서 기준 불일치가 동시에 발생한 상황입니다. 어떤 기준으로 판단하고 위험요인을 어떻게 통제하며, 사실 확인부터 보고와 실행까지 어떤 순서로 행동하시겠습니까?","판단 전에 먼저 확인해야 할 사실과 기준은 무엇입니까? | '행사 진행기술'과 관련해 그 행동을 선택한 이유와 예상되는 위험요인은 무엇입니까? | 상급자, 협업 부서, 민원인 등 이해관계자에게 어떤 순서와 방식으로 설명하시겠습니까?",핵심 사실 확인 | 판단 기준 | 행동 순서와 첫 조치 | 위험요인 인식 | 행사 기획 적용 근거 | 행사 진행기술 적용 근거,행사 진행기술 | 행사 기획 | 현장 문제를 적극적으로 해결하려는 자세,3,1.0,True,
303002,303002_1_2. 직무기술서.pdf,총무,총무,303002_1_2. 직무기술서.pdf,3,발표면접,부동산관리,0202010103_25v3,template_fallback,,,,False,no_model_question,"[발표과제] 총무 세분류의 부동산관리 업무에서 '분석적으로 사고하려는 의지'와 관련된 요구사항 목록, 결재 문서, 회의록, 일정표, 이해관계자 요청 내역이 주어졌다고 가정하고 준비시간 20분 후 현황 문제를 진단하고 개선안을 5분 발표해 주세요. 발표에는 현황 진단, 원인 분석, 대안 2가지, 실행 우선순위, 성과지표, 5분 질의응답 답변을 포함하세요 (부동산관리란 조직의 원활한 업무수행을 위하여 부동산의 취득, 임차, 처분과 관련된 제반 업무를 수행하는 능력이다.).",'분석적으로 사고하려는 의지' 쟁점을 발표에서 진단할 때 핵심 근거 자료는 무엇입니까? | 대안 중 우선순위를 가장 높게 둔 방안과 그 이유는 무엇입니까? | 면접위원이 반대 의견을 제시한다면 어떤 근거로 답변하시겠습니까?,자료 분석력 | 논리적 구조화 | 대안의 실행가능성 | 실행계획 구체성 | 세법 적용 근거 | 보험 상품 분석 기술 적용 근거,분석적으로 사고하려는 의지 | 세법 | 보험 상품 분석 기술,3,1.0,True,
303002,303002_1_2. 직무기술서.pdf,사무행정,사무행정,303002_1_2. 직무기술서.pdf,4,토론면접,문서 작성,0202030201_22v3,template_fallback,,,,False,no_model_question,"[토론과제] 사무행정 세분류의 문서 작성 업무에서 '문서 작성 절차' 관련 문서·절차 기준을 강화하는 입장과 처리 속도·협업 효율을 우선하는 입장이 충돌합니다. 토론시간 20분 동안 1분 입장발표 후 반대 의견의 타당한 부분을 확인하고, 본인의 초기 입장과 근거, 쟁점 조정 방식, 최종 합의안 도출 방식을 제시해 주세요.",'문서 작성 절차' 쟁점에서 본인의 초기 입장을 뒷받침하는 핵심 근거는 무엇입니까? | 반대 의견 중 수용할 수 있는 부분과 수용하기 어려운 부분은 무엇입니까? | 논의가 감정적 대립으로 흐를 때 어떻게 조정하시겠습니까?,입장발표 근거 | 경청과 상호작용 | 갈등 조정 | 최종 합의안 도출 | 부서의 업무 분장 내용 적용 근거 | 요구사항 분석 능력 적용 근거,문서 작성 절차 | 부서의 업무 분장 내용 | 요구사항 분석 능력,3,1.0,True,
303002,303002_1_2. 직무기술서.pdf,사무행정,사무행정,303002_1_2. 직무기술서.pdf,5,인바스켓면접,문서 관리,0202030202_22v3,template_fallback,,,,False,no_model_question,"[인바스켓과제] 제한시간 30분 안에 사무행정 세분류의 문서 관리 관련 결재 대기 문서, 회의 요청, 요구사항 변경 메일, 마감 임박 업무 목록이 동시에 들어왔습니다. '문서 대장 기록 능력'을 기준으로 처리 우선순위와 상급자 보고, 위임, 직접처리 판단 및 첫 15분 행동을 제시해 주세요.","'문서 대장 기록 능력' 기준으로 여러 문서와 요청을 어떻게 분류하겠습니까? | 가장 먼저 처리할 항목과 보류할 항목을 각각 무엇으로 보겠습니까? | 요청 부서, 결재권자, 협업 담당자, 외부 관계자 중 누구에게 보고, 위임, 직접 처리할지 어떻게 선택하겠습니까?",우선순위 판단 | 문서·요청 분류 | 보고·위임·직접처리 판단 | 시간관리 | 문서 관리 규정 적용 근거 | 문서 분류 능력 적용 근거,문서 대장 기록 능력 | 문서 관리 규정 | 문서 분류 능력,3,1.0,True,
303002,303002_1_2. 직무기술서.pdf,사무행정,사무행정,303002_1_2. 직무기술서.pdf,6,직무지식면접,자료 관리,0202030203_22v4,template_fallback,,,,False,no_model_question,"사무행정 세분류의 자료 관리에서 '부서의 업무 분장'과 관련해 확인해야 할 절차, 기준, 관련 근거, 산출물을 설명하고 실제 업무에 적용할 때의 예외상황, 품질 점검 방법, 오류 예방 유의점을 말씀해 주세요.",'부서의 업무 분장'과 관련해 반드시 확인해야 할 기준이나 규정은 무엇입니까? | 그 기준을 실제 업무에 적용할 때 자주 발생하는 예외상황은 무엇입니까? | 관련 산출물의 품질을 어떻게 점검하겠습니까?,절차·기준 이해 | 직무지식 적용 | 예외상황 판단 | 산출물 품질 | 부서의 업무 분장 적용 근거 | 자료 수집 저장 능력 적용 근거,부서의 업무 분장 | 자료 수집 저장 능력 | 업무 특성을 파악하는 자세,3,1.0,True,
303001,303001_1_2026년 안전본부 단기계약 근로자(대체인력) 채용 직무기술서.pdf,보건교육,보건교육,303001_1_2026년 안전본부 단기계약 근로자(대체인력) 채용 직무기술서.pdf,1,경험면접,보건교육 요구도 진단,0601020301_25v2,template_fallback,,,,False,no_model_question,"보건교육 세분류의 보건교육 요구도 진단 수행 과정에서 '인구집단 건강문제'를 적용해 문제를 해결하거나 성과를 낸 경험을 말씀해 주세요. 당시 상황과 과제, 본인 역할, 선택한 행동, 결과 지표와 학습을 포함해 설명해 주세요.",당시 상황과 본인이 맡은 역할을 구체적으로 설명해 주세요. | '인구집단 건강문제'를 적용하기 위해 실제로 취한 행동은 무엇이었습니까? | 다른 선택지와 비교해 그 행동을 선택한 기준은 무엇이었습니까?,구체적 상황 설명 | 본인 역할과 행동 | 판단 근거와 협업 | 결과 지표와 학습 | 인구집단 건강문제 적용 근거 | 보건조사 설문 개발 능력 적용 근거,인구집단 건강문제 | 보건조사 설문 개발 능력 | 조사윤리 준수,3,1.0,True,
303001,303001_1_2026년 안전본부 단기계약 근로자(대체인력) 채용 직무기술서.pdf,보건교육,보건교육,303001_1_2026년 안전본부 단기계약 근로자(대체인력) 채용 직무기술서.pdf,2,상황면접,보건교육 계획,0601020302_25v3,template_fallback,,,,False,no_model_question,"보건교육 세분류의 보건교육 계획 업무 중 '보건자료 해석 능력'과 관련해 환자·근로자 문의 증가, 교육 일정 변경, 건강정보 기록 오류가 동시에 발생한 상황입니다. 어떤 기준으로 판단하고 위험요인을 어떻게 통제하며, 사실 확인부터 보고와 실행까지 어떤 순서로 행동하시겠습니까?","판단 전에 먼저 확인해야 할 사실과 기준은 무엇입니까? | '보건자료 해석 능력'과 관련해 그 행동을 선택한 이유와 예상되는 위험요인은 무엇입니까? | 대상자, 의료진, 안전보건 담당자, 부서 관리자 등 이해관계자에게 어떤 순서와 방식으로 설명하시겠습니까?",핵심 사실 확인 | 판단 기준 | 행동 순서와 첫 조치 | 위험요인 인식 | 보건교육건강증진 최신 정보 적용 근거 | 보건자료 해석 능력 적용 근거,보건자료 해석 능력 | 보건교육건강증진 최신 정보 | 근거중심 접근을 존중하려는 자세,3,1.0,True,
303001,303001_1_2026년 안전본부 단기계약 근로자(대체인력) 채용 직무기술서.pdf,보건교육,보건교육,303001_1_2026년 안전본부 단기계약 근로자(대체인력) 채용 직무기술서.pdf,3,발표면접,보건교육 전략 개발,0601020303_25v3,template_fallback,,,,False,no_model_question,"[발표과제] 보건교육 세분류의 보건교육 전략 개발 업무에서 '다문화주의 수용 자세'와 관련된 운송 의뢰서, 배차표, 운임 산정 자료, 화주 요청 변경 내역이 주어졌다고 가정하고 준비시간 20분 후 현황 문제를 진단하고 개선안을 5분 발표해 주세요. 발표에는 현황 진단, 원인 분석, 대안 2가지, 실행 우선순위, 성과지표, 5분 질의응답 답변을 포함하세요 (보건교육 전략 개발이란 보건교육 대상자와 환경을 분석하여 효과적인 보건교육 전략을 수립하는 능력이다.).",'다문화주의 수용 자세' 쟁점을 발표에서 진단할 때 핵심 근거 자료는 무엇입니까? | 대안 중 우선순위를 가장 높게 둔 방안과 그 이유는 무엇입니까? | 면접위원이 반대 의견을 제시한다면 어떤 근거로 답변하시겠습니까?,자료 분석력 | 논리적 구조화 | 대안의 실행가능성 | 실행계획 구체성 | 생애주기별 건강행동의 특성 적용 근거 | 보건통계 활용 능력 적용 근거,다문화주의 수용 자세 | 생애주기별 건강행동의 특성 | 보건통계 활용 능력,3,1.0,True,
303001,303001_1_2026년 안전본부 단기계약 근로자(대체인력) 채용 직무기술서.pdf,산업보건관리,산업보건관리,303001_1_2026년 안전본부 단기계약 근로자(대체인력) 채용 직무기술서.pdf,4,토론면접,보건관리계획 수립 평가,2306020101_23v4,template_fallback,,,,False,no_model_question,"[토론과제] 산업보건관리 세분류의 보건관리계획 수립 평가 업무에서 '사업장 위험성평가에 관한 지침' 관련 건강·안전 기준을 엄격히 적용하는 입장과 현장 수용성·업무 연속성을 우선하는 입장이 충돌합니다. 토론시간 20분 동안 1분 입장발표 후 반대 의견의 타당한 부분을 확인하고, 본인의 초기 입장과 근거, 쟁점 조정 방식, 최종 합의안 도출 방식을 제시해 주세요.",'사업장 위험성평가에 관한 지침' 쟁점에서 본인의 초기 입장을 뒷받침하는 핵심 근거는 무엇입니까? | 반대 의견 중 수용할 수 있는 부분과 수용하기 어려운 부분은 무엇입니까? | 논의가 감정적 대립으로 흐를 때 어떻게 조정하시겠습니까?,입장발표 근거 | 경청과 상호작용 | 갈등 조정 | 최종 합의안 도출 | 산업안전보건법 및 산업안전보건기준에 관한 규칙 적용 근거 | 현장조사 기술 적용 근거,사업장 위험성평가에 관한 지침 | 산업안전보건법 및 산업안전보건기준에 관한 규칙 | 현장조사 기술,3,1.0,True,
303001,303001_1_2026년 안전본부 단기계약 근로자(대체인력) 채용 직무기술서.pdf,산업보건관리,산업보건관리,303001_1_2026년 안전본부 단기계약 근로자(대체인력) 채용 직무기술서.pdf,5,인바스켓면접,산업보건관리체제 확립,2306020102_23v3,template_fallback,,,,False,no_model_question,"[인바스켓과제] 제한시간 30분 안에 산업보건관리 세분류의 산업보건관리체제 확립 관련 교육 일정표, 상담 기록지, 점검 요청 문서, 긴급 안내 요청이 동시에 들어왔습니다. '의사소통을 위한 문서화 능력'을 기준으로 처리 우선순위와 상급자 보고, 위임, 직접처리 판단 및 첫 15분 행동을 제시해 주세요.","'의사소통을 위한 문서화 능력' 기준으로 여러 문서와 요청을 어떻게 분류하겠습니까? | 가장 먼저 처리할 항목과 보류할 항목을 각각 무엇으로 보겠습니까? | 대상자, 의료진, 안전보건 담당자, 부서 관리자 중 누구에게 보고, 위임, 직접 처리할지 어떻게 선택하겠습니까?",우선순위 판단 | 문서·요청 분류 | 보고·위임·직접처리 판단 | 시간관리 | 산업재해예방계획의 수립관련 법령 적용 근거 | 현장조사 기술 적용 근거,의사소통을 위한 문서화 능력 | 산업재해예방계획의 수립관련 법령 | 현장조사 기술,3,1.0,True,
303001,303001_1_2026년 안전본부 단기계약 근로자(대체인력) 채용 직무기술서.pdf,산업보건관리,산업보건관리,303001_1_2026년 안전본부 단기계약 근로자(대체인력) 채용 직무기술서.pdf,6,직무지식면접,산업재해관리,2306020103_23v3,template_fallback,,,,False,no_model_question,"산업보건관리 세분류의 산업재해관리에서 '산업안전보건법'과 관련해 확인해야 할 절차, 기준, 관련 근거, 산출물을 설명하고 실제 업무에 적용할 때의 예외상황, 품질 점검 방법, 오류 예방 유의점을 말씀해 주세요.",'산업안전보건법'과 관련해 반드시 확인해야 할 기준이나 규정은 무엇입니까? | 그 기준을 실제 업무에 적용할 때 자주 발생하는 예외상황은 무엇입니까? | 관련 산출물의 품질을 어떻게 점검하겠습니까?,절차·기준 이해 | 직무지식 적용 | 예외상황 판단 | 산출물 품질 | 산업안전보건법 적용 근거 | 현장조사 기술 적용 근거,산업안전보건법 | 현장조사 기술 | 긴급상황에 대비하여 신속성을 갖는 태도,3,1.0,True,
302998,302998_1_별첨 7. 직종별 직무기술서.pdf,프로젝트관리,프로젝트관리,302998_1_별첨 7. 직종별 직무기술서.pdf,1,경험면접,프로젝트 전략기획,0101010201_17v2,template_fallback,,,,False,no_model_question,"프로젝트관리 세분류의 프로젝트 전략기획 수행 과정에서 '과거 단계 문서에 대한 지식'을 적용해 문제를 해결하거나 성과를 낸 경험을 말씀해 주세요. 당시 상황과 과제, 본인 역할, 선택한 행동, 결과 지표와 학습을 포함해 설명해 주세요.",당시 상황과 본인이 맡은 역할을 구체적으로 설명해 주세요. | '과거 단계 문서에 대한 지식'을 적용하기 위해 실제로 취한 행동은 무엇이었습니까? | 다른 선택지와 비교해 그 행동을 선택한 기준은 무엇이었습니까?,구체적 상황 설명 | 본인 역할과 행동 | 판단 근거와 협업 | 결과 지표와 학습 | 과거 단계 문서에 대한 지식 적용 근거 | 경영 목표와 연계할 수 있는 능력 (내부 환경 분석) 적용 근거,과거 단계 문서에 대한 지식 | 경영 목표와 연계할 수 있는 능력 (내부 환경 분석) | 논리적이고 객관적으로 사고하려는 태도,3,1.0,True,
302998,302998_1_별첨 7. 직종별 직무기술서.pdf,정보기술전략,정보기술전략,302998_1_별첨 7. 직종별 직무기술서.pdf,2,상황면접,정보기술 전략 기획,2001010101_19v4,template_fallback,,,,False,no_model_question,"정보기술전략 세분류의 정보기술 전략 기획 업무 중 '자료수집 및 분석능력'과 관련해 요구사항 변경, 장애 재발, SLA 위반 위험이 동시에 발생한 상황입니다. 어떤 기준으로 판단하고 위험요인을 어떻게 통제하며, 사실 확인부터 보고와 실행까지 어떤 순서로 행동하시겠습니까?","판단 전에 먼저 확인해야 할 사실과 기준은 무엇입니까? | '자료수집 및 분석능력'과 관련해 그 행동을 선택한 이유와 예상되는 위험요인은 무엇입니까? | 현업 부서, IT PM, 개발 담당자, 운영 담당자, 공급업체, 보안 담당자 등 이해관계자에게 어떤 순서와 방식으로 설명하시겠습니까?",핵심 사실 확인 | 판단 기준 | 행동 순서와 첫 조치 | 위험요인 인식 | ISO/IEC 38500 국제표준 적용 근거 | 자료수집 및 분석능력 적용 근거,자료수집 및 분석능력 | ISO/IEC 38500 국제표준 | 현실에 대해 문제의식을 가지는 태도,3,1.0,True,
302998,302998_1_별첨 7. 직종별 직무기술서.pdf,정보기술기획,정보기술기획,302998_1_별첨 7. 직종별 직무기술서.pdf,3,발표면접,IT 비즈니스 환경분석,2001010301_19v4,template_fallback,,,,False,no_model_question,"[발표과제] 정보기술기획 세분류의 IT 비즈니스 환경분석 업무에서 '기술과 비즈니스의 연관성에 대한 이해 노력'과 관련된 요구사항 정의서, 장애 티켓, SLA 현황, 비용편익분석표, 일정·리스크 등록부가 주어졌다고 가정하고 준비시간 20분 후 현황 문제를 진단하고 개선안을 5분 발표해 주세요. 발표에는 현황 진단, 원인 분석, 대안 2가지, 실행 우선순위, 성과지표, 5분 질의응답 답변을 포함하세요 (IT비즈니스 환경분석은 비즈니스를 체계적으로 수행하기 위하여 일반환경 분석, 고객환경 분석, 경쟁사환경 분석, 자사환경 분석을).",'기술과 비즈니스의 연관성에 대한 이해 노력' 쟁점을 발표에서 진단할 때 핵심 근거 자료는 무엇입니까? | 대안 중 우선순위를 가장 높게 둔 방안과 그 이유는 무엇입니까? | 면접위원이 반대 의견을 제시한다면 어떤 근거로 답변하시겠습니까?,자료 분석력 | 논리적 구조화 | 대안의 실행가능성 | 실행계획 구체성 | 비즈니스 환경분석 기법 적용 근거 | 소비자 인식 조사 기술 적용 근거,기술과 비즈니스의 연관성에 대한 이해 노력 | 비즈니스 환경분석 기법 | 소비자 인식 조사 기술,3,1.0,True,
302998,302998_1_별첨 7. 직종별 직무기술서.pdf,IT프로젝트관리,IT프로젝트관리,302998_1_별첨 7. 직종별 직무기술서.pdf,4,토론면접,IT프로젝트 기획관리,2001040101_19v3,template_fallback,,,,False,no_model_question,"[토론과제] IT프로젝트관리 세분류의 IT프로젝트 기획관리 업무에서 '비용편익분석(Cost Benefit Analysis) 방법' 관련 IT 거버넌스와 표준 준수를 우선하는 입장과 현업 요청 처리 속도를 우선하는 입장이 충돌합니다. 토론시간 20분 동안 1분 입장발표 후 반대 의견의 타당한 부분을 확인하고, 본인의 초기 입장과 근거, 쟁점 조정 방식, 최종 합의안 도출 방식을 제시해 주세요.",'비용편익분석(Cost Benefit Analysis) 방법' 쟁점에서 본인의 초기 입장을 뒷받침하는 핵심 근거는 무엇입니까? | 반대 의견 중 수용할 수 있는 부분과 수용하기 어려운 부분은 무엇입니까? | 논의가 감정적 대립으로 흐를 때 어떻게 조정하시겠습니까?,입장발표 근거 | 경청과 상호작용 | 갈등 조정 | 최종 합의안 도출 | 정보화 평가(Information Orientation) 절차 적용 근거 | 프로젝트 핵심성공요소 식별 능력 적용 근거,비용편익분석(Cost Benefit Analysis) 방법 | 정보화 평가(Information Orientation) 절차 | 프로젝트 핵심성공요소 식별 능력,3,1.0,True,
302998,302998_1_별첨 7. 직종별 직무기술서.pdf,총무,총무,302998_1_별첨 7. 직종별 직무기술서.pdf,5,인바스켓면접,사업계획수립,0202010101_25v3,template_fallback,,,,False,no_model_question,"[인바스켓과제] 제한시간 30분 안에 총무 세분류의 사업계획수립 관련 결재 대기 문서, 회의 요청, 요구사항 변경 메일, 마감 임박 업무 목록이 동시에 들어왔습니다. '분석 기법 활용 능력'을 기준으로 처리 우선순위와 상급자 보고, 위임, 직접처리 판단 및 첫 15분 행동을 제시해 주세요.","'분석 기법 활용 능력' 기준으로 여러 문서와 요청을 어떻게 분류하겠습니까? | 가장 먼저 처리할 항목과 보류할 항목을 각각 무엇으로 보겠습니까? | 상급자, 협업 부서, 민원인 중 누구에게 보고, 위임, 직접 처리할지 어떻게 선택하겠습니까?",우선순위 판단 | 문서·요청 분류 | 보고·위임·직접처리 판단 | 시간관리 | 산업동향 적용 근거 | 정보수집 능력 적용 근거,분석 기법 활용 능력 | 산업동향 | 정보수집 능력,3,1.0,True,
302998,302998_1_별첨 7. 직종별 직무기술서.pdf,환경미화,환경미화,302998_1_별첨 7. 직종별 직무기술서.pdf,6,직무지식면접,청소현장현황파악,1102010101_15v1,template_fallback,,,,False,no_model_question,"환경미화 세분류의 청소현장현황파악에서 '청소대상물에 대한 지식'과 관련해 확인해야 할 절차, 기준, 관련 근거, 산출물을 설명하고 실제 업무에 적용할 때의 예외상황, 품질 점검 방법, 오류 예방 유의점을 말씀해 주세요.",'청소대상물에 대한 지식'과 관련해 반드시 확인해야 할 기준이나 규정은 무엇입니까? | 그 기준을 실제 업무에 적용할 때 자주 발생하는 예외상황은 무엇입니까? | 관련 산출물의 품질을 어떻게 점검하겠습니까?,절차·기준 이해 | 직무지식 적용 | 예외상황 판단 | 산출물 품질 | 청소대상물에 대한 지식 적용 근거 | 고객니즈 분석능력 적용 근거,청소대상물에 대한 지식 | 고객니즈 분석능력 | 고객지향적 사고,3,1.0,True,
302997,302997_1_직무기술서(2026년 제2차 단기 결원 대체 인력풀).zip,요양지원,요양지원,운영지원직(특별청소) 직무기술서.hwp,1,경험면접,진료지원보조,0601010801_23v3,template_fallback,,,,False,no_model_question,"요양지원 세분류의 진료지원보조 수행 과정에서 '주변 환경 청결 지침'을 적용해 문제를 해결하거나 성과를 낸 경험을 말씀해 주세요. 당시 상황과 과제, 본인 역할, 선택한 행동, 결과 지표와 학습을 포함해 설명해 주세요.",당시 상황과 본인이 맡은 역할을 구체적으로 설명해 주세요. | '주변 환경 청결 지침'을 적용하기 위해 실제로 취한 행동은 무엇이었습니까? | 다른 선택지와 비교해 그 행동을 선택한 기준은 무엇이었습니까?,구체적 상황 설명 | 본인 역할과 행동 | 판단 근거와 협업 | 결과 지표와 학습 | 주변 환경 청결 지침 적용 근거 | 주변 환경 청결활동능력 적용 근거,주변 환경 청결 지침 | 주변 환경 청결활동능력 | 진료흐름도 준수,3,1.0,True,
302997,302997_1_직무기술서(2026년 제2차 단기 결원 대체 인력풀).zip,요양지원,요양지원,운영지원직(특별청소) 직무기술서.hwp,2,상황면접,물품전달,0601010802_23v3,template_fallback,,,,False,no_model_question,"요양지원 세분류의 물품전달 업무 중 '검체물 취급지침 숙지능력'과 관련해 환자·근로자 문의 증가, 교육 일정 변경, 건강정보 기록 오류가 동시에 발생한 상황입니다. 어떤 기준으로 판단하고 위험요인을 어떻게 통제하며, 사실 확인부터 보고와 실행까지 어떤 순서로 행동하시겠습니까?","판단 전에 먼저 확인해야 할 사실과 기준은 무엇입니까? | '검체물 취급지침 숙지능력'과 관련해 그 행동을 선택한 이유와 예상되는 위험요인은 무엇입니까? | 상급자, 협업 부서, 민원인 등 이해관계자에게 어떤 순서와 방식으로 설명하시겠습니까?",핵심 사실 확인 | 판단 기준 | 행동 순서와 첫 조치 | 위험요인 인식 | 검체물 취급 지침 적용 근거 | 검체물 취급지침 숙지능력 적용 근거,검체물 취급 지침 | 검체물 취급지침 숙지능력 | 주의 깊은 행동,3,1.0,True,
302997,302997_1_직무기술서(2026년 제2차 단기 결원 대체 인력풀).zip,요양지원,요양지원,운영지원직(특별청소) 직무기술서.hwp,3,발표면접,환자이송지원,0601010803_23v3,template_fallback,,,,False,no_model_question,"[발표과제] 요양지원 세분류의 환자이송지원 업무에서 '환자를 배려하려는 노력'과 관련된 환자 안내 기록, 보건교육 계획서, 건강상담 기록, 안전보건 점검 결과가 주어졌다고 가정하고 준비시간 20분 후 현황 문제를 진단하고 개선안을 5분 발표해 주세요. 발표에는 현황 진단, 원인 분석, 대안 2가지, 실행 우선순위, 성과지표, 5분 질의응답 답변을 포함하세요 (환자이송지원이란 보행가능환자, 휠체어환자, 운반차 환자 등 다양한 유형의 환자이송 업무를 지원하는 능력이다.).",'환자를 배려하려는 노력' 쟁점을 발표에서 진단할 때 핵심 근거 자료는 무엇입니까? | 대안 중 우선순위를 가장 높게 둔 방안과 그 이유는 무엇입니까? | 면접위원이 반대 의견을 제시한다면 어떤 근거로 답변하시겠습니까?,자료 분석력 | 논리적 구조화 | 대안의 실행가능성 | 실행계획 구체성 | 보행 환자 이송 지침 적용 근거 | 보행 환자 이송 지침 숙지 능력 적용 근거,환자를 배려하려는 노력 | 보행 환자 이송 지침 | 보행 환자 이송 지침 숙지 능력,3,1.0,True,
302997,302997_1_직무기술서(2026년 제2차 단기 결원 대체 인력풀).zip,환경미화,환경미화,운영지원직(특별청소) 직무기술서.hwp,4,토론면접,청소현장현황파악,1102010101_15v1,template_fallback,,,,False,no_model_question,"[토론과제] 환경미화 세분류의 청소현장현황파악 업무에서 '청소범위 요소에 대한 지식' 관련 청소 품질 기준을 강화하는 입장과 제한된 인력·시간 내 처리 효율을 우선하는 입장이 충돌합니다. 토론시간 20분 동안 1분 입장발표 후 반대 의견의 타당한 부분을 확인하고, 본인의 초기 입장과 근거, 쟁점 조정 방식, 최종 합의안 도출 방식을 제시해 주세요.",'청소범위 요소에 대한 지식' 쟁점에서 본인의 초기 입장을 뒷받침하는 핵심 근거는 무엇입니까? | 반대 의견 중 수용할 수 있는 부분과 수용하기 어려운 부분은 무엇입니까? | 논의가 감정적 대립으로 흐를 때 어떻게 조정하시겠습니까?,입장발표 근거 | 경청과 상호작용 | 갈등 조정 | 최종 합의안 도출 | 청소대상물에 대한 지식 적용 근거 | 고객니즈 분석능력 적용 근거,청소범위 요소에 대한 지식 | 청소대상물에 대한 지식 | 고객니즈 분석능력,3,1.0,True,
302997,302997_1_직무기술서(2026년 제2차 단기 결원 대체 인력풀).zip,환경미화,환경미화,운영지원직(특별청소) 직무기술서.hwp,5,인바스켓면접,청소계획수립,1102010102_15v1,template_fallback,,,,False,no_model_question,"[인바스켓과제] 제한시간 30분 안에 환경미화 세분류의 청소계획수립 관련 구역별 작업지시서, 민원 접수 문서, 안전주의 요청, 인력 배치 변경 문서가 동시에 들어왔습니다. '청소방법 분석능력'을 기준으로 처리 우선순위와 상급자 보고, 위임, 직접처리 판단 및 첫 15분 행동을 제시해 주세요.","'청소방법 분석능력' 기준으로 여러 문서와 요청을 어떻게 분류하겠습니까? | 가장 먼저 처리할 항목과 보류할 항목을 각각 무엇으로 보겠습니까? | 현장 관리자, 이용자, 협업 근무자, 안전 담당자 중 누구에게 보고, 위임, 직접 처리할지 어떻게 선택하겠습니까?",우선순위 판단 | 문서·요청 분류 | 보고·위임·직접처리 판단 | 시간관리 | 청소대상물별 청소방법론 적용 근거 | 청소범위 설정능력 적용 근거,청소방법 분석능력 | 청소대상물별 청소방법론 | 청소범위 설정능력,3,1.0,True,
302997,302997_1_직무기술서(2026년 제2차 단기 결원 대체 인력풀).zip,환경미화,환경미화,운영지원직(특별청소) 직무기술서.hwp,6,직무지식면접,청소활동수행,1102010103_15v1,template_fallback,,,,False,no_model_question,"환경미화 세분류의 청소활동수행에서 '일정관리 방법론'과 관련해 확인해야 할 절차, 기준, 관련 근거, 산출물을 설명하고 실제 업무에 적용할 때의 예외상황, 품질 점검 방법, 오류 예방 유의점을 말씀해 주세요.",'일정관리 방법론'과 관련해 반드시 확인해야 할 기준이나 규정은 무엇입니까? | 그 기준을 실제 업무에 적용할 때 자주 발생하는 예외상황은 무엇입니까? | 관련 산출물의 품질을 어떻게 점검하겠습니까?,절차·기준 이해 | 직무지식 적용 | 예외상황 판단 | 산출물 품질 | 일정관리 방법론 적용 근거 | 프레젠테이션 스킬 적용 근거,일정관리 방법론 | 프레젠테이션 스킬 | 관계자들을 이해하고 존중하는 태도,3,1.0,True,
302996,302996_1_직무기술서.zip,건축설계,건축설계,시설기술(건축) 직무기술서.hwp,1,경험면접,건축설계 계약,1403010101_14v2,template_fallback,,,,False,no_model_question,"건축설계 세분류의 건축설계 계약 수행 과정에서 'SWOT 분석 기법에 대한 지식'을 적용해 문제를 해결하거나 성과를 낸 경험을 말씀해 주세요. 당시 상황과 과제, 본인 역할, 선택한 행동, 결과 지표와 학습을 포함해 설명해 주세요.",당시 상황과 본인이 맡은 역할을 구체적으로 설명해 주세요. | 'SWOT 분석 기법에 대한 지식'을 적용하기 위해 실제로 취한 행동은 무엇이었습니까? | 다른 선택지와 비교해 그 행동을 선택한 기준은 무엇이었습니까?,구체적 상황 설명 | 본인 역할과 행동 | 판단 근거와 협업 | 결과 지표와 학습 | SWOT 분석 기법에 대한 지식 적용 근거 | P.R(Public Relations) 기술 적용 근거,SWOT 분석 기법에 대한 지식 | P.R(Public Relations) 기술 | 회사에 대한 이해와 호의를 증진하려하는 태도,3,1.0,True,
302996,302996_1_직무기술서.zip,유지관리,유지관리,시설기술(건축) 직무기술서.hwp,2,상황면접,유지관리 계획 수립,1401030101_25v3,template_fallback,,,,False,no_model_question,"유지관리 세분류의 유지관리 계획 수립 업무 중 '시설물 특성에 따른 유지관리 방법 검토 및 적용 능력'과 관련해 설비 이상 징후, 작업 일정 충돌, 안전 기준 미충족 가능성이 동시에 발생한 상황입니다. 어떤 기준으로 판단하고 위험요인을 어떻게 통제하며, 사실 확인부터 보고와 실행까지 어떤 순서로 행동하시겠습니까?","판단 전에 먼저 확인해야 할 사실과 기준은 무엇입니까? | '시설물 특성에 따른 유지관리 방법 검토 및 적용 능력'과 관련해 그 행동을 선택한 이유와 예상되는 위험요인은 무엇입니까? | 현장 작업자, 안전 담당자, 설비 운영자, 협력업체 등 이해관계자에게 어떤 순서와 방식으로 설명하시겠습니까?",핵심 사실 확인 | 판단 기준 | 행동 순서와 첫 조치 | 위험요인 인식 | ‘시설물의 안전관리 및 유지관리에 관한 특별법’ 등 관련 법령 적용 근거 | 시설물 특성에 따른 유지관리 방법 검토 및 적용 능력 적용 근거,시설물 특성에 따른 유지관리 방법 검토 및 적용 능력 | ‘시설물의 안전관리 및 유지관리에 관한 특별법’ 등 관련 법령 | 유지관리와 관련 신기술을 학습하고자 하는 자세,3,1.0,True,
302996,302996_1_직무기술서.zip,건설안전관리,건설안전관리,시설기술(건축) 직무기술서.hwp,3,발표면접,건설공사 특성분석,2306010303_21v4,template_fallback,,,,False,no_model_question,"[발표과제] 건설안전관리 세분류의 건설공사 특성분석 업무에서 '특수성 조사를 위한 분석적 사고'와 관련된 설비 점검 기록, 도면, 작업허가서, 이상 징후 로그, 안전점검 결과가 주어졌다고 가정하고 준비시간 20분 후 현황 문제를 진단하고 개선안을 5분 발표해 주세요. 발표에는 현황 진단, 원인 분석, 대안 2가지, 실행 우선순위, 성과지표, 5분 질의응답 답변을 포함하세요 (건설공사 특성분석이란 건설공사와 관련된 특수성을 분석하고 공사와 연관된 안전관리의 고려사항과 기존의 관련공사자료를 활용하여 안).",'특수성 조사를 위한 분석적 사고' 쟁점을 발표에서 진단할 때 핵심 근거 자료는 무엇입니까? | 대안 중 우선순위를 가장 높게 둔 방안과 그 이유는 무엇입니까? | 면접위원이 반대 의견을 제시한다면 어떤 근거로 답변하시겠습니까?,자료 분석력 | 논리적 구조화 | 대안의 실행가능성 | 실행계획 구체성 | 특수성 분석 방법 적용 근거 | 설계도서 검토 능력 적용 근거,특수성 조사를 위한 분석적 사고 | 특수성 분석 방법 | 설계도서 검토 능력,3,1.0,True,
302996,302996_1_직무기술서.zip,건축감리,건축공사감리,시설기술(건축) 직무기술서.hwp,4,토론면접,공사착공관리,1403010301_23v3,template_fallback,,,,False,no_model_question,"[토론과제] 건축감리 세분류의 공사착공관리 업무에서 '과업지시서 해독 지식' 관련 안전·품질 기준을 강화하는 입장과 공정 일정·운영 연속성을 우선하는 입장이 충돌합니다. 토론시간 20분 동안 1분 입장발표 후 반대 의견의 타당한 부분을 확인하고, 본인의 초기 입장과 근거, 쟁점 조정 방식, 최종 합의안 도출 방식을 제시해 주세요.",'과업지시서 해독 지식' 쟁점에서 본인의 초기 입장을 뒷받침하는 핵심 근거는 무엇입니까? | 반대 의견 중 수용할 수 있는 부분과 수용하기 어려운 부분은 무엇입니까? | 논의가 감정적 대립으로 흐를 때 어떻게 조정하시겠습니까?,입장발표 근거 | 경청과 상호작용 | 갈등 조정 | 최종 합의안 도출 | 계약서 해독 지식 적용 근거 | 감리업무수행계획서 작성 능력 적용 근거,과업지시서 해독 지식 | 계약서 해독 지식 | 감리업무수행계획서 작성 능력,3,1.0,True,
302996,302996_1_직무기술서.zip,건축설비유지관리,건축설비유지관리,시설기술(설비) 직무기술서.hwp,5,인바스켓면접,설비운영종합계획,1403030401_25v3,template_fallback,,,,False,no_model_question,"[인바스켓과제] 제한시간 30분 안에 건축설비유지관리 세분류의 설비운영종합계획 관련 점검 기록표, 작업허가 요청, 장애 신고, 안전조치 확인 문서가 동시에 들어왔습니다. '에너지 소비량을 분석하고 예측하는 능력'을 기준으로 처리 우선순위와 상급자 보고, 위임, 직접처리 판단 및 첫 15분 행동을 제시해 주세요.","'에너지 소비량을 분석하고 예측하는 능력' 기준으로 여러 문서와 요청을 어떻게 분류하겠습니까? | 가장 먼저 처리할 항목과 보류할 항목을 각각 무엇으로 보겠습니까? | 현장 작업자, 안전 담당자, 설비 운영자, 협력업체 중 누구에게 보고, 위임, 직접 처리할지 어떻게 선택하겠습니까?","우선순위 판단 | 문서·요청 분류 | 보고·위임·직접처리 판단 | 시간관리 | 기계설비(공기조화, 냉난방, 환기, 위생 등) 운영 관리 적용 근거 | 설비현황을 분석하여 관리기준을 설정하는 능력 적용 근거","에너지 소비량을 분석하고 예측하는 능력 | 기계설비(공기조화, 냉난방, 환기, 위생 등) 운영 관리 | 설비현황을 분석하여 관리기준을 설정하는 능력",3,1.0,True,
302996,302996_1_직무기술서.zip,병원행정,병원행정,업무보조(진료행정과) 직무기술서.hwp,6,직무지식면접,병원경영기획,0601020103_13v1,template_fallback,,,,False,no_model_question,"병원행정 세분류의 병원경영기획에서 '미션/비전에 관한 지식'과 관련해 확인해야 할 절차, 기준, 관련 근거, 산출물을 설명하고 실제 업무에 적용할 때의 예외상황, 품질 점검 방법, 오류 예방 유의점을 말씀해 주세요.",'미션/비전에 관한 지식'과 관련해 반드시 확인해야 할 기준이나 규정은 무엇입니까? | 그 기준을 실제 업무에 적용할 때 자주 발생하는 예외상황은 무엇입니까? | 관련 산출물의 품질을 어떻게 점검하겠습니까?,절차·기준 이해 | 직무지식 적용 | 예외상황 판단 | 산출물 품질 | 미션/비전에 관한 지식 적용 근거 | 수요 및 추세분석 기술 적용 근거,미션/비전에 관한 지식 | 수요 및 추세분석 기술 | 비전 수립을 위한 전략적 사고 태도,3,1.0,True,
302994,302994_1_첨부3_2026년도 제4차 신입사원(고졸수준 일반전형) 직무설명자료.pdf,원자력발전설비운영,원자력발전설비운영,302994_1_첨부3_2026년도 제4차 신입사원(고졸수준 일반전형) 직무설명자료.pdf,1,경험면접,주제어실 운전,1901020301_13v1,template_fallback,,,,False,no_model_question,"원자력발전설비운영 세분류의 주제어실 운전 수행 과정에서 '원자로물리 이론'을 적용해 문제를 해결하거나 성과를 낸 경험을 말씀해 주세요. 당시 상황과 과제, 본인 역할, 선택한 행동, 결과 지표와 학습을 포함해 설명해 주세요.",당시 상황과 본인이 맡은 역할을 구체적으로 설명해 주세요. | '원자로물리 이론'을 적용하기 위해 실제로 취한 행동은 무엇이었습니까? | 다른 선택지와 비교해 그 행동을 선택한 기준은 무엇이었습니까?,구체적 상황 설명 | 본인 역할과 행동 | 판단 근거와 협업 | 결과 지표와 학습 | 원자로물리 이론 적용 근거 | 원자로 출력 변화에 대한 반응도 보상 적용 근거,원자로물리 이론 | 원자로 출력 변화에 대한 반응도 보상 | 절차서 준수,3,1.0,True,
302994,302994_1_첨부3_2026년도 제4차 신입사원(고졸수준 일반전형) 직무설명자료.pdf,원자력발전설비운영,원자력발전설비운영,302994_1_첨부3_2026년도 제4차 신입사원(고졸수준 일반전형) 직무설명자료.pdf,2,상황면접,현장설비 운전,1901020302_13v1,template_fallback,,,,False,no_model_question,"원자력발전설비운영 세분류의 현장설비 운전 업무 중 '원자로냉각재 충수 운전'과 관련해 설비 이상 징후, 절차서와 현장 상태 불일치, 환경·안전 기준 접근이 동시에 발생한 상황입니다. 어떤 기준으로 판단하고 위험요인을 어떻게 통제하며, 사실 확인부터 보고와 실행까지 어떤 순서로 행동하시겠습니까?","판단 전에 먼저 확인해야 할 사실과 기준은 무엇입니까? | '원자로냉각재 충수 운전'과 관련해 그 행동을 선택한 이유와 예상되는 위험요인은 무엇입니까? | 운전원, 정비팀, 안전품질팀, 환경팀, 규제기관, 현업부서 등 이해관계자에게 어떤 순서와 방식으로 설명하시겠습니까?",핵심 사실 확인 | 판단 기준 | 행동 순서와 첫 조치 | 위험요인 인식 | 원자로물리 이론 적용 근거 | 원자로냉각재 충수 운전 적용 근거,원자로냉각재 충수 운전 | 원자로물리 이론 | 절차서 준수,3,1.0,True,
302994,302994_1_첨부3_2026년도 제4차 신입사원(고졸수준 일반전형) 직무설명자료.pdf,원자력발전설비운영,원자력발전설비운영,302994_1_첨부3_2026년도 제4차 신입사원(고졸수준 일반전형) 직무설명자료.pdf,3,발표면접,기계설비 정비,1901020303_13v1,template_fallback,,,,False,no_model_question,"[발표과제] 원자력발전설비운영 세분류의 기계설비 정비 업무에서 '타부서와의 협력성'과 관련된 운전일지, 설비 알람 로그, 정비이력, 절차서, 작업허가서, 장애 티켓이 주어졌다고 가정하고 준비시간 20분 후 현황 문제를 진단하고 개선안을 5분 발표해 주세요. 발표에는 현황 진단, 원인 분석, 대안 2가지, 실행 우선순위, 성과지표, 5분 질의응답 답변을 포함하세요 (기계설비 정비란 원자력발전소에 설치된 기계설비의 기능과 안전성을 확보하기 위하여 예방점검, 정기·주기점검, 고장정비 등을 수행).",'타부서와의 협력성' 쟁점을 발표에서 진단할 때 핵심 근거 자료는 무엇입니까? | 대안 중 우선순위를 가장 높게 둔 방안과 그 이유는 무엇입니까? | 면접위원이 반대 의견을 제시한다면 어떤 근거로 답변하시겠습니까?,자료 분석력 | 논리적 구조화 | 대안의 실행가능성 | 실행계획 구체성 | 공정관리 내용 적용 근거 | 사무자동화 프로그램을 활용한 문서작성 적용 근거,타부서와의 협력성 | 공정관리 내용 | 사무자동화 프로그램을 활용한 문서작성,3,1.0,True,
302994,302994_1_첨부3_2026년도 제4차 신입사원(고졸수준 일반전형) 직무설명자료.pdf,원자력발전기계설비정비,원자력발전기계설비정비,302994_1_첨부3_2026년도 제4차 신입사원(고졸수준 일반전형) 직무설명자료.pdf,4,토론면접,원자력발전기계설비정비 기획,1901020501_20v2,template_fallback,,,,False,no_model_question,"[토론과제] 원자력발전기계설비정비 세분류의 원자력발전기계설비정비 기획 업무에서 '기자재의 종류별 특성' 관련 안전보수성을 우선하는 입장과 가동률·사업 일정 준수를 우선하는 입장이 충돌합니다. 토론시간 20분 동안 1분 입장발표 후 반대 의견의 타당한 부분을 확인하고, 본인의 초기 입장과 근거, 쟁점 조정 방식, 최종 합의안 도출 방식을 제시해 주세요.",'기자재의 종류별 특성' 쟁점에서 본인의 초기 입장을 뒷받침하는 핵심 근거는 무엇입니까? | 반대 의견 중 수용할 수 있는 부분과 수용하기 어려운 부분은 무엇입니까? | 논의가 감정적 대립으로 흐를 때 어떻게 조정하시겠습니까?,입장발표 근거 | 경청과 상호작용 | 갈등 조정 | 최종 합의안 도출 | 원자력발전계통의 구성 적용 근거 | 정비계획서 작성 능력 적용 근거,기자재의 종류별 특성 | 원자력발전계통의 구성 | 정비계획서 작성 능력,3,1.0,True,
302994,302994_1_첨부3_2026년도 제4차 신입사원(고졸수준 일반전형) 직무설명자료.pdf,원자력발전기계설비정비,원자력발전기계설비정비,302994_1_첨부3_2026년도 제4차 신입사원(고졸수준 일반전형) 직무설명자료.pdf,5,인바스켓면접,원자력발전기계설비정비 공사관리,1901020502_20v2,template_fallback,,,,False,no_model_question,"[인바스켓과제] 제한시간 30분 안에 원자력발전기계설비정비 세분류의 원자력발전기계설비정비 공사관리 관련 교대조 인수인계 문서, 정비 우선순위 요청, 장애 재발 보고, 변경관리 승인 문서가 동시에 들어왔습니다. '공사비 산정 능력'을 기준으로 처리 우선순위와 상급자 보고, 위임, 직접처리 판단 및 첫 15분 행동을 제시해 주세요.","'공사비 산정 능력' 기준으로 여러 문서와 요청을 어떻게 분류하겠습니까? | 가장 먼저 처리할 항목과 보류할 항목을 각각 무엇으로 보겠습니까? | 운전원, 정비팀, 안전품질팀, 환경팀, 규제기관, 현업부서 중 누구에게 보고, 위임, 직접 처리할지 어떻게 선택하겠습니까?",우선순위 판단 | 문서·요청 분류 | 보고·위임·직접처리 판단 | 시간관리 | 원자력발전계통의 구성 적용 근거 | 계약서 작성 능력 적용 근거,공사비 산정 능력 | 원자력발전계통의 구성 | 계약서 작성 능력,3,1.0,True,
302994,302994_1_첨부3_2026년도 제4차 신입사원(고졸수준 일반전형) 직무설명자료.pdf,원자력발전기계설비정비,원자력발전기계설비정비,302994_1_첨부3_2026년도 제4차 신입사원(고졸수준 일반전형) 직무설명자료.pdf,6,직무지식면접,원자력발전기계설비정비 기술관리,1901020503_14v1,template_fallback,,,,False,no_model_question,"원자력발전기계설비정비 세분류의 원자력발전기계설비정비 기술관리에서 '정비계획서'와 관련해 확인해야 할 절차, 기준, 관련 근거, 산출물을 설명하고 실제 업무에 적용할 때의 예외상황, 품질 점검 방법, 오류 예방 유의점을 말씀해 주세요.",'정비계획서'와 관련해 반드시 확인해야 할 기준이나 규정은 무엇입니까? | 그 기준을 실제 업무에 적용할 때 자주 발생하는 예외상황은 무엇입니까? | 관련 산출물의 품질을 어떻게 점검하겠습니까?,절차·기준 이해 | 직무지식 적용 | 예외상황 판단 | 산출물 품질 | 정비계획서 적용 근거 | 정비절차서 작성 능력 적용 근거,정비계획서 | 정비절차서 작성 능력 | 안전규정 준수,3,1.0,True,
